time,commits
2012-01-25,9
2012-01-30,11
2012-01-31,15
2012-02-01,30
2012-02-02,32
2012-02-03,38
2012-02-04,40
2012-02-05,44
2012-02-06,45
2012-02-07,48
2012-02-08,49
2012-02-09,51
2012-02-10,55
2012-02-13,60
2012-02-16,64
2012-02-19,65
2012-02-21,72
2012-02-23,76
2012-02-25,83
2012-02-26,87
2012-02-27,89
2012-02-28,98
2012-02-29,102
2012-03-01,110
2012-03-03,118
2012-03-05,130
2012-03-06,134
2012-03-07,143
2012-03-12,144
2012-03-13,149
2012-03-29,153
2012-04-03,154
2012-04-04,158
2012-04-08,162
2012-04-10,163
2012-04-12,164
2012-05-03,172
2012-05-06,173
2012-05-16,185
2012-06-05,193
2012-06-13,194
2012-07-07,195
2012-07-17,196
2012-07-20,197
2012-07-30,198
2012-07-31,199
2012-08-09,207
2012-08-13,214
2012-08-16,220
2012-08-23,221
2012-08-24,223
2012-08-31,224
2012-09-04,231
2012-09-05,234
2012-09-06,236
2012-09-12,237
2012-09-13,238
2012-09-19,240
2012-09-23,242
2012-09-26,246
2012-09-27,248
2012-09-28,257
2012-09-29,258
2012-10-03,259
2012-10-20,261
2012-10-22,266
2012-10-25,267
2012-10-27,268
2012-10-31,269
2012-11-19,270
2012-11-27,271
2012-11-29,272
2012-12-03,277
2012-12-07,280
2012-12-08,282
2012-12-09,288
2012-12-10,293
2012-12-12,301
2012-12-20,302
2012-12-21,303
2012-12-24,304
2013-01-03,305
2013-01-08,309
2013-01-09,311
2013-02-06,319
2013-02-11,320
2013-02-12,323
2013-02-13,326
2013-02-14,327
2013-03-26,333
2013-03-31,334
2013-04-05,339
2013-04-11,349
2013-04-14,358
2013-04-15,362
2013-05-01,364
2013-05-04,365
2013-05-10,373
2013-05-11,374
2013-05-15,379
2013-05-19,381
2013-05-20,382
2013-05-21,385
2013-05-22,386
2013-06-11,387
2013-06-13,393
2013-06-23,397
2013-06-24,406
2013-06-26,410
2013-07-10,414
2013-07-11,422
2013-07-14,430
2013-07-20,432
2013-07-21,433
2013-07-22,437
2013-07-23,441
2013-07-24,442
2013-08-14,450
2013-08-22,458
2013-09-06,459
2013-09-11,460
2013-09-20,461
2013-10-07,465
2013-10-08,482
2013-10-15,483
2013-10-16,506
2013-10-17,512
2013-10-22,520
2013-10-24,531
2013-10-29,541
2013-11-05,542
2013-11-06,543
2013-11-10,544
2013-11-27,553
2013-12-03,557
2013-12-24,558
2014-01-30,559
2014-02-14,570
2014-02-21,571
2014-02-24,572
2014-02-25,575
2014-02-26,576
2014-03-05,578
2014-03-06,585
2014-03-07,589
2014-03-14,590
2014-03-20,593
2014-03-31,594
2014-04-02,595
2014-04-07,599
2014-04-11,601
2014-04-13,603
2014-04-14,605
2014-04-15,606
2014-05-02,607
2014-05-05,608
2014-05-22,609
2014-06-06,611
2014-06-10,621
2014-06-11,626
2014-06-12,633
2014-06-13,636
2014-06-15,638
2014-06-18,640
2014-06-19,643
2014-06-23,645
2014-06-30,646
2014-07-10,647
2014-07-19,653
2014-07-21,654
2014-07-24,657
2014-08-04,658
2014-08-12,659
2014-08-24,660
2014-09-01,661
2014-09-24,662
2014-09-25,663
2014-09-29,664
2014-10-03,665
2014-10-07,666
2014-10-15,669
2014-10-17,670
2014-10-22,674
2014-10-28,675
2014-10-29,676
2014-10-30,677
2014-11-03,679
2014-11-06,682
2014-11-07,687
2014-11-11,688
2014-11-12,691
2014-11-19,692
2014-11-24,693
2014-11-25,695
2014-12-02,696
2014-12-25,697
2014-12-26,698
2014-12-30,699
2014-12-31,700
2015-01-06,701
2015-01-12,702
2015-01-14,703
2015-01-19,704
2015-01-20,706
2015-01-21,708
2015-01-22,709
2015-01-26,711
2015-01-27,714
2015-01-28,717
2015-01-29,719
2015-02-03,720
2015-02-04,721
2015-02-05,722
2015-02-12,723
2015-02-18,724
2015-02-19,725
2015-02-21,726
2015-02-25,727
2015-03-05,728
2015-03-19,729
2015-03-23,730
2015-03-26,731
2015-03-27,732
2015-03-30,733
2015-04-01,734
2015-04-03,738
2015-04-04,741
2015-04-07,742
2015-04-08,744
2015-04-10,747
2015-04-14,748
2015-04-15,749
2015-04-17,750
2015-04-18,751
2015-04-22,754
2015-04-26,755
2015-04-27,757
2015-04-28,758
2015-04-30,759
2015-05-02,760
2015-05-07,762
2015-05-12,764
2015-05-20,769
2015-05-22,778
2015-05-26,781
2015-05-27,785
2015-05-28,786
2015-05-29,787
2015-05-31,788
2015-06-03,789
2015-06-08,790
2015-06-09,791
2015-06-10,792
2015-06-11,795
2015-06-12,796
2015-06-14,797
2015-06-16,798
2015-06-18,799
2015-06-24,803
2015-06-25,804
2015-06-26,806
2015-06-29,808
2015-06-30,810
2015-07-01,824
2015-07-02,826
2015-07-03,828
2015-07-04,829
2015-07-06,835
2015-07-07,842
2015-07-08,844
2015-07-09,847
2015-07-10,850
2015-07-12,851
2015-07-13,852
2015-07-17,853
2015-07-18,854
2015-07-19,859
2015-07-20,868
2015-07-21,873
2015-07-22,876
2015-07-23,878
2015-07-24,884
2015-07-26,885
2015-07-27,889
2015-07-28,900
2015-07-29,902
2015-07-30,903
2015-07-31,904
2015-08-03,906
2015-08-04,910
2015-08-05,912
2015-08-06,913
2015-08-08,917
2015-08-10,919
2015-08-12,921
2015-08-15,923
2015-08-17,924
2015-08-18,926
2015-08-19,927
2015-08-20,929
2015-08-21,931
2015-08-22,932
2015-08-26,934
2015-08-27,937
2015-08-28,938
2015-08-31,939
2015-09-02,940
2015-09-04,942
2015-09-05,957
2015-09-06,965
2015-09-08,968
2015-09-09,971
2015-09-10,973
2015-09-12,976
2015-09-13,977
2015-09-16,979
2015-09-22,982
2015-09-23,983
2015-09-25,984
2015-09-28,985
2015-09-30,986
2015-10-04,989
2015-10-05,992
2015-10-07,993
2015-10-12,996
2015-10-14,997
2015-10-15,998
2015-10-16,999
2015-10-18,1001
2015-10-19,1006
2015-10-21,1007
2015-10-22,1008
2015-10-23,1009
2015-10-26,1010
2015-10-27,1011
2015-10-29,1016
2015-10-30,1020
2015-10-31,1025
2015-11-08,1028
2015-11-10,1031
2015-11-11,1037
2015-11-12,1038
2015-11-15,1039
2015-11-17,1041
2015-11-18,1042
2015-11-19,1044
2015-11-24,1045
2015-11-25,1048
2015-11-26,1052
2015-11-28,1057
2015-12-01,1058
2015-12-02,1062
2015-12-03,1067
2015-12-04,1068
2015-12-05,1069
2015-12-06,1074
2015-12-08,1075
2015-12-09,1078
2015-12-10,1080
2015-12-11,1084
2015-12-12,1086
2015-12-13,1088
2015-12-14,1090
2015-12-15,1093
2015-12-16,1105
2015-12-17,1111
2015-12-18,1124
2015-12-19,1132
2015-12-22,1135
2015-12-23,1136
2015-12-27,1137
2015-12-29,1138
2015-12-30,1142
2016-01-02,1153
2016-01-04,1154
2016-01-05,1158
2016-01-06,1160
2016-01-07,1169
2016-01-08,1170
2016-01-09,1171
2016-01-11,1174
2016-01-12,1180
2016-01-14,1184
2016-01-17,1187
2016-01-19,1191
2016-01-20,1195
2016-01-21,1199
2016-01-22,1205
2016-01-23,1207
2016-01-24,1209
2016-01-25,1213
2016-01-26,1215
2016-01-28,1217
2016-01-30,1218
2016-01-31,1221
2016-02-01,1224
2016-02-02,1234
2016-02-03,1237
2016-02-04,1238
2016-02-06,1239
2016-02-08,1241
2016-02-10,1243
2016-02-11,1252
2016-02-12,1255
2016-02-15,1258
2016-02-16,1260
2016-02-17,1263
2016-02-18,1267
2016-02-19,1277
2016-02-20,1282
2016-02-22,1284
2016-02-23,1288
2016-02-24,1291
2016-02-25,1295
2016-02-26,1297
2016-02-27,1303
2016-02-28,1304
2016-02-29,1308
2016-03-01,1310
2016-03-03,1312
2016-03-04,1315
2016-03-05,1318
2016-03-07,1324
2016-03-08,1330
2016-03-09,1335
2016-03-10,1336
2016-03-11,1339
2016-03-12,1340
2016-03-13,1342
2016-03-14,1345
2016-03-15,1347
2016-03-17,1357
2016-03-18,1365
2016-03-20,1366
2016-03-21,1367
2016-03-22,1370
2016-03-23,1371
2016-03-24,1373
2016-03-25,1374
2016-03-26,1375
2016-03-28,1379
2016-03-29,1382
2016-04-01,1383
2016-04-05,1384
2016-04-10,1386
2016-04-11,1388
2016-04-12,1391
2016-04-13,1393
2016-04-14,1399
2016-04-15,1400
2016-04-16,1404
2016-04-18,1407
2016-04-19,1414
2016-04-21,1418
2016-04-22,1419
2016-04-25,1420
2016-04-26,1422
2016-04-27,1426
2016-04-28,1430
2016-04-29,1431
2016-04-30,1432
2016-05-01,1433
2016-05-02,1437
2016-05-03,1446
2016-05-04,1448
2016-05-05,1451
2016-05-06,1454
2016-05-07,1457
2016-05-09,1458
2016-05-10,1460
2016-05-11,1461
2016-05-12,1463
2016-05-13,1466
2016-05-16,1468
2016-05-17,1469
2016-05-18,1470
2016-05-19,1472
2016-05-20,1474
2016-05-24,1475
2016-05-27,1482
2016-05-28,1483
2016-06-01,1484
2016-06-02,1486
2016-06-03,1488
2016-06-04,1495
2016-06-05,1497
2016-06-06,1502
2016-06-07,1505
2016-06-08,1508
2016-06-09,1509
2016-06-10,1510
2016-06-11,1513
2016-06-13,1516
2016-06-14,1518
2016-06-15,1522
2016-06-16,1529
2016-06-17,1532
2016-06-18,1536
2016-06-19,1538
2016-06-20,1542
2016-06-22,1543
2016-06-23,1546
2016-06-25,1548
2016-06-29,1549
2016-06-30,1550
2016-07-04,1551
2016-07-07,1553
2016-07-12,1554
2016-07-19,1560
2016-07-20,1562
2016-07-21,1566
2016-07-22,1567
2016-07-23,1569
2016-07-25,1576
2016-07-26,1580
2016-07-27,1584
2016-07-28,1589
2016-07-29,1597
2016-08-01,1611
2016-08-02,1619
2016-08-03,1623
2016-08-04,1636
2016-08-05,1639
2016-08-06,1640
2016-08-07,1642
2016-08-08,1643
2016-08-09,1646
2016-08-10,1655
2016-08-11,1669
2016-08-12,1677
2016-08-13,1688
2016-08-14,1690
2016-08-15,1696
2016-08-16,1698
2016-08-17,1701
2016-08-18,1707
2016-08-19,1716
2016-08-22,1718
2016-08-23,1726
2016-08-24,1732
2016-08-25,1736
2016-08-26,1741
2016-08-28,1743
2016-08-30,1748
2016-08-31,1756
2016-09-01,1762
2016-09-03,1767
2016-09-04,1769
2016-09-06,1774
2016-09-07,1786
2016-09-08,1798
2016-09-09,1808
2016-09-10,1816
2016-09-11,1818
2016-09-12,1821
2016-09-13,1835
2016-09-14,1842
2016-09-15,1855
2016-09-16,1866
2016-09-17,1867
2016-09-18,1871
2016-09-19,1878
2016-09-20,1881
2016-09-21,1883
2016-09-22,1888
2016-09-24,1898
2016-09-25,1901
2016-09-26,1920
2016-09-27,1939
2016-09-28,1957
2016-09-29,1971
2016-09-30,1990
2016-10-01,1995
2016-10-02,2000
2016-10-03,2025
2016-10-04,2031
2016-10-05,2043
2016-10-06,2052
2016-10-07,2066
2016-10-08,2069
2016-10-09,2075
2016-10-10,2082
2016-10-11,2086
2016-10-12,2092
2016-10-13,2111
2016-10-14,2125
2016-10-15,2128
2016-10-16,2133
2016-10-17,2159
2016-10-18,2166
2016-10-19,2171
2016-10-22,2174
2016-10-23,2175
2016-10-24,2195
2016-10-25,2205
2016-10-26,2221
2016-10-27,2231
2016-10-28,2238
2016-10-29,2239
2016-10-30,2240
2016-10-31,2252
2016-11-01,2270
2016-11-02,2282
2016-11-03,2300
2016-11-04,2301
2016-11-05,2304
2016-11-06,2305
2016-11-07,2341
2016-11-08,2371
2016-11-09,2387
2016-11-10,2403
2016-11-11,2418
2016-11-13,2421
2016-11-14,2431
2016-11-15,2458
2016-11-16,2474
2016-11-17,2479
2016-11-18,2486
2016-11-19,2497
2016-11-20,2503
2016-11-21,2512
2016-11-22,2536
2016-11-23,2547
2016-11-24,2563
2016-11-25,2567
2016-11-26,2575
2016-11-27,2580
2016-11-28,2593
2016-11-29,2609
2016-11-30,2623
2016-12-01,2647
2016-12-02,2662
2016-12-03,2664
2016-12-04,2667
2016-12-05,2677
2016-12-06,2697
2016-12-07,2709
2016-12-08,2720
2016-12-09,2737
2016-12-10,2742
2016-12-11,2751
2016-12-12,2765
2016-12-13,2783
2016-12-14,2803
2016-12-15,2818
2016-12-16,2835
2016-12-17,2845
2016-12-18,2847
2016-12-19,2871
2016-12-20,2896
2016-12-21,2916
2016-12-22,2941
2016-12-23,2949
2016-12-24,2954
2016-12-25,2957
2016-12-26,2962
2016-12-27,2987
2016-12-28,3001
2016-12-29,3039
2016-12-30,3058
2016-12-31,3092
2017-01-01,3103
2017-01-02,3113
2017-01-03,3139
2017-01-04,3211
2017-01-05,3247
2017-01-06,3254
2017-01-07,3255
2017-01-09,3264
2017-01-10,3273
2017-01-11,3281
2017-01-12,3290
2017-01-13,3312
2017-01-14,3316
2017-01-15,3332
2017-01-16,3343
2017-01-17,3360
2017-01-18,3388
2017-01-19,3406
2017-01-20,3428
2017-01-21,3436
2017-01-22,3444
2017-01-23,3459
2017-01-24,3482
2017-01-25,3502
2017-01-26,3515
2017-01-27,3541
2017-01-28,3556
2017-01-29,3568
2017-01-30,3581
2017-01-31,3604
2017-02-01,3621
2017-02-02,3638
2017-02-03,3644
2017-02-04,3651
2017-02-06,3660
2017-02-07,3680
2017-02-08,3692
2017-02-09,3709
2017-02-10,3727
2017-02-11,3734
2017-02-12,3742
2017-02-13,3753
2017-02-14,3777
2017-02-15,3808
2017-02-16,3834
2017-02-17,3855
2017-02-18,3859
2017-02-19,3869
2017-02-20,3882
2017-02-21,3895
2017-02-22,3916
2017-02-23,3928
2017-02-24,3936
2017-02-25,3949
2017-02-26,3956
2017-02-27,3977
2017-02-28,4010
2017-03-01,4033
2017-03-02,4052
2017-03-03,4078
2017-03-04,4090
2017-03-05,4113
2017-03-06,4124
2017-03-07,4146
2017-03-08,4165
2017-03-09,4184
2017-03-10,4203
2017-03-11,4212
2017-03-12,4219
2017-03-13,4241
2017-03-14,4259
2017-03-15,4290
2017-03-16,4306
2017-03-17,4324
2017-03-18,4326
2017-03-19,4329
2017-03-20,4339
2017-03-21,4347
2017-03-22,4375
2017-03-23,4405
2017-03-24,4446
2017-03-25,4450
2017-03-26,4459
2017-03-27,4479
2017-03-28,4499
2017-03-29,4525
2017-03-30,4538
2017-03-31,4562
2017-04-01,4574
2017-04-02,4582
2017-04-03,4597
2017-04-04,4613
2017-04-05,4633
2017-04-06,4665
2017-04-07,4683
2017-04-08,4692
2017-04-09,4700
2017-04-10,4712
2017-04-11,4742
2017-04-12,4782
2017-04-13,4796
2017-04-14,4810
2017-04-15,4813
2017-04-16,4816
2017-04-17,4837
2017-04-18,4870
2017-04-19,4905
2017-04-20,4942
2017-04-21,4958
2017-04-22,4970
2017-04-23,4980
2017-04-24,4988
2017-04-25,5021
2017-04-26,5047
2017-04-27,5065
2017-04-28,5098
2017-04-29,5105
2017-04-30,5108
2017-05-01,5122
2017-05-02,5155
2017-05-03,5207
2017-05-04,5233
2017-05-05,5256
2017-05-06,5259
2017-05-07,5272
2017-05-08,5296
2017-05-09,5319
2017-05-10,5345
2017-05-11,5358
2017-05-12,5369
2017-05-13,5370
2017-05-14,5372
2017-05-15,5392
2017-05-16,5401
2017-05-17,5423
2017-05-18,5434
2017-05-19,5450
2017-05-20,5460
2017-05-21,5463
2017-05-22,5470
2017-05-23,5497
2017-05-24,5527
2017-05-25,5556
2017-05-26,5579
2017-05-27,5581
2017-05-28,5583
2017-05-29,5595
2017-05-30,5624
2017-05-31,5647
2017-06-01,5671
2017-06-02,5691
2017-06-03,5702
2017-06-04,5706
2017-06-05,5750
2017-06-06,5804
2017-06-07,5859
2017-06-08,5886
2017-06-09,5913
2017-06-10,5920
2017-06-11,5928
2017-06-12,5948
2017-06-13,5968
2017-06-14,5995
2017-06-15,6045
2017-06-16,6066
2017-06-17,6072
2017-06-19,6100
2017-06-20,6131
2017-06-21,6191
2017-06-22,6215
2017-06-23,6267
2017-06-24,6269
2017-06-26,6288
2017-06-27,6309
2017-06-28,6328
2017-06-29,6349
2017-06-30,6359
2017-07-01,6361
2017-07-02,6365
2017-07-03,6385
2017-07-04,6398
2017-07-05,6411
2017-07-06,6419
2017-07-07,6448
2017-07-08,6458
2017-07-09,6461
2017-07-10,6500
2017-07-11,6538
2017-07-12,6577
2017-07-13,6653
2017-07-14,6719
2017-07-15,6730
2017-07-16,6735
2017-07-17,6762
2017-07-18,6800
2017-07-19,6838
2017-07-20,6858
2017-07-21,6883
2017-07-22,6887
2017-07-23,6894
2017-07-24,6919
2017-07-25,6961
2017-07-26,7008
2017-07-27,7039
2017-07-28,7069
2017-07-29,7075
2017-07-30,7111
2017-07-31,7127
2017-08-01,7156
2017-08-02,7175
2017-08-03,7209
2017-08-04,7239
2017-08-05,7240
2017-08-06,7247
2017-08-07,7270
2017-08-08,7289
2017-08-09,7325
2017-08-10,7339
2017-08-11,7345
2017-08-12,7355
2017-08-13,7357
2017-08-14,7363
2017-08-15,7388
2017-08-16,7423
2017-08-17,7460
2017-08-18,7493
2017-08-19,7506
2017-08-20,7509
2017-08-21,7522
2017-08-22,7547
2017-08-23,7580
2017-08-24,7612
2017-08-25,7652
2017-08-26,7663
2017-08-27,7667
2017-08-28,7689
2017-08-29,7708
2017-08-30,7751
2017-08-31,7781
2017-09-01,7805
2017-09-02,7813
2017-09-03,7816
2017-09-04,7819
2017-09-05,7865
2017-09-06,7902
2017-09-07,7989
2017-09-08,8022
2017-09-09,8032
2017-09-10,8047
2017-09-11,8075
2017-09-12,8100
2017-09-13,8135
2017-09-14,8168
2017-09-15,8190
2017-09-16,8192
2017-09-17,8209
2017-09-18,8231
2017-09-19,8260
2017-09-20,8283
2017-09-21,8306
2017-09-22,8322
2017-09-23,8337
2017-09-24,8355
2017-09-25,8372
2017-09-26,8396
2017-09-27,8415
2017-09-28,8432
2017-09-29,8446
2017-09-30,8450
2017-10-01,8453
2017-10-02,8476
2017-10-03,8527
2017-10-04,8554
2017-10-05,8585
2017-10-06,8612
2017-10-07,8621
2017-10-08,8624
2017-10-09,8646
2017-10-10,8665
2017-10-11,8693
2017-10-12,8740
2017-10-13,8769
2017-10-14,8780
2017-10-15,8787
2017-10-16,8804
2017-10-17,8822
2017-10-18,8840
2017-10-19,8880
2017-10-20,8916
2017-10-21,8921
2017-10-22,8926
2017-10-23,8937
2017-10-24,8980
2017-10-25,9008
2017-10-26,9059
2017-10-27,9074
2017-10-28,9087
2017-10-29,9091
2017-10-30,9111
2017-10-31,9134
2017-11-01,9162
2017-11-02,9199
2017-11-03,9218
2017-11-04,9228
2017-11-05,9229
2017-11-06,9243
2017-11-07,9272
2017-11-08,9301
2017-11-09,9326
2017-11-10,9346
2017-11-11,9358
2017-11-12,9362
2017-11-13,9375
2017-11-14,9403
2017-11-15,9432
2017-11-16,9447
2017-11-17,9459
2017-11-18,9467
2017-11-19,9470
2017-11-20,9481
2017-11-21,9499
2017-11-22,9511
2017-11-23,9518
2017-11-24,9525
2017-11-26,9532
2017-11-27,9542
2017-11-28,9555
2017-11-29,9578
2017-11-30,9598
2017-12-01,9616
2017-12-02,9628
2017-12-03,9632
2017-12-04,9650
2017-12-05,9665
2017-12-06,9681
2017-12-07,9693
2017-12-08,9703
2017-12-09,9705
2017-12-10,9707
2017-12-11,9717
2017-12-12,9725
2017-12-13,9736
2017-12-14,9755
2017-12-15,9784
2017-12-16,9791
2017-12-17,9793
2017-12-18,9827
2017-12-19,9836
2017-12-20,9859
2017-12-21,9884
2017-12-22,9894
2017-12-23,9904
2017-12-24,9906
2017-12-26,9909
2017-12-27,9917
2017-12-28,9926
2017-12-29,9932
2017-12-30,9936
2017-12-31,9938
2018-01-01,9940
2018-01-02,9960
2018-01-03,9982
2018-01-04,10013
2018-01-05,10024
2018-01-06,10030
2018-01-07,10032
2018-01-08,10044
2018-01-09,10057
2018-01-10,10068
2018-01-11,10096
2018-01-12,10107
2018-01-13,10113
2018-01-14,10117
2018-01-15,10119
2018-01-16,10133
2018-01-17,10144
2018-01-18,10157
2018-01-19,10178
2018-01-20,10189
2018-01-21,10191
2018-01-22,10205
2018-01-23,10232
2018-01-24,10254
2018-01-25,10275
2018-01-26,10288
2018-01-27,10294
2018-01-28,10300
2018-01-29,10318
2018-01-30,10336
2018-01-31,10356
2018-02-01,10373
2018-02-02,10386
2018-02-03,10392
2018-02-04,10398
2018-02-05,10416
2018-02-06,10442
2018-02-07,10461
2018-02-08,10484
2018-02-09,10499
2018-02-10,10502
2018-02-12,10524
2018-02-13,10550
2018-02-14,10572
2018-02-15,10588
2018-02-16,10602
2018-02-17,10606
2018-02-18,10611
2018-02-19,10613
2018-02-20,10628
2018-02-21,10645
2018-02-22,10655
2018-02-23,10677
2018-02-24,10691
2018-02-25,10709
2018-02-26,10720
2018-02-27,10746
2018-02-28,10767
2018-03-01,10801
2018-03-02,10828
2018-03-03,10841
2018-03-04,10848
2018-03-05,10861
2018-03-06,10895
2018-03-07,10914
2018-03-08,10936
2018-03-09,10977
2018-03-10,10993
2018-03-11,10996
2018-03-12,11015
2018-03-13,11026
2018-03-14,11041
2018-03-15,11067
2018-03-16,11077
2018-03-17,11093
2018-03-18,11095
2018-03-19,11121
2018-03-20,11165
2018-03-21,11182
2018-03-22,11206
2018-03-23,11239
2018-03-24,11250
2018-03-25,11255
2018-03-26,11295
2018-03-27,11324
2018-03-28,11350
2018-03-29,11367
2018-03-30,11408
2018-03-31,11418
2018-04-02,11432
2018-04-03,11451
2018-04-04,11468
2018-04-05,11492
2018-04-06,11510
2018-04-07,11519
2018-04-08,11521
2018-04-09,11536
2018-04-10,11569
2018-04-11,11583
2018-04-12,11605
2018-04-13,11616
2018-04-14,11621
2018-04-15,11624
2018-04-16,11645
2018-04-17,11674
2018-04-18,11701
2018-04-19,11735
2018-04-20,11758
2018-04-21,11770
2018-04-22,11779
2018-04-23,11801
2018-04-24,11818
2018-04-25,11848
2018-04-26,11878
2018-04-27,11895
2018-04-28,11910
2018-04-29,11915
2018-04-30,11938
2018-05-01,11980
2018-05-02,11996
2018-05-03,12018
2018-05-04,12052
2018-05-05,12055
2018-05-06,12058
2018-05-07,12069
2018-05-08,12095
2018-05-09,12115
2018-05-10,12141
2018-05-11,12152
2018-05-12,12158
2018-05-13,12179
2018-05-14,12191
2018-05-15,12216
2018-05-16,12244
2018-05-17,12259
2018-05-18,12283
2018-05-19,12290
2018-05-20,12294
2018-05-21,12308
2018-05-22,12318
2018-05-23,12335
2018-05-24,12354
2018-05-25,12371
2018-05-26,12381
2018-05-28,12382
2018-05-29,12408
2018-05-30,12431
2018-05-31,12453
2018-06-01,12478
2018-06-02,12491
2018-06-03,12493
2018-06-04,12515
2018-06-05,12532
2018-06-06,12567
2018-06-07,12597
2018-06-08,12621
2018-06-09,12627
2018-06-10,12634
2018-06-11,12647
2018-06-12,12668
2018-06-13,12693
2018-06-14,12724
2018-06-15,12747
2018-06-16,12751
2018-06-18,12769
2018-06-19,12792
2018-06-20,12825
2018-06-21,12846
2018-06-22,12868
2018-06-23,12871
2018-06-24,12873
2018-06-25,12890
2018-06-26,12910
2018-06-27,12925
2018-06-28,12947
2018-06-29,12966
2018-06-30,12973
2018-07-01,12977
2018-07-02,12986
2018-07-03,12997
2018-07-04,13000
2018-07-05,13007
2018-07-06,13025
2018-07-07,13026
2018-07-08,13031
2018-07-09,13046
2018-07-10,13065
2018-07-11,13085
2018-07-12,13101
2018-07-13,13118
2018-07-14,13126
2018-07-15,13128
2018-07-16,13142
2018-07-17,13161
2018-07-18,13190
2018-07-19,13205
2018-07-20,13222
2018-07-21,13227
2018-07-22,13230
2018-07-23,13248
2018-07-24,13271
2018-07-25,13297
2018-07-26,13318
2018-07-27,13350
2018-07-28,13361
2018-07-29,13363
2018-07-30,13384
2018-07-31,13409
2018-08-01,13449
2018-08-02,13479
2018-08-03,13504
2018-08-04,13518
2018-08-05,13522
2018-08-06,13534
2018-08-07,13556
2018-08-08,13559
2018-08-09,13575
2018-08-10,13592
2018-08-11,13596
2018-08-12,13599
2018-08-13,13617
2018-08-14,13644
2018-08-15,13683
2018-08-16,13705
2018-08-17,13729
2018-08-18,13732
2018-08-19,13734
2018-08-20,13751
2018-08-21,13763
2018-08-22,13789
2018-08-23,13813
2018-08-24,13836
2018-08-25,13842
2018-08-26,13844
2018-08-27,13860
2018-08-28,13884
2018-08-29,13923
2018-08-30,13949
2018-08-31,13990
2018-09-01,13993
2018-09-02,14008
2018-09-03,14011
2018-09-04,14026
2018-09-05,14062
2018-09-06,14093
2018-09-07,14132
2018-09-08,14144
2018-09-09,14152
2018-09-10,14170
2018-09-11,14204
2018-09-12,14256
2018-09-13,14293
2018-09-14,14327
2018-09-15,14328
2018-09-16,14332
2018-09-17,14356
2018-09-18,14387
2018-09-19,14413
2018-09-20,14434
2018-09-21,14461
2018-09-22,14467
2018-09-23,14469
2018-09-24,14480
2018-09-25,14506
2018-09-26,14526
2018-09-27,14536
2018-09-28,14569
2018-09-29,14573
2018-09-30,14578
2018-10-01,14593
2018-10-02,14606
2018-10-03,14619
2018-10-04,14641
2018-10-05,14664
2018-10-06,14673
2018-10-07,14674
2018-10-08,14694
2018-10-09,14715
2018-10-10,14726
2018-10-11,14753
2018-10-12,14784
2018-10-13,14789
2018-10-14,14791
2018-10-15,14823
2018-10-16,14847
2018-10-17,14888
2018-10-18,14919
2018-10-19,14946
2018-10-20,14949
2018-10-21,14951
2018-10-22,14974
2018-10-23,14996
2018-10-24,15046
2018-10-25,15103
2018-10-26,15150
2018-10-27,15159
2018-10-28,15160
2018-10-29,15200
2018-10-30,15239
2018-10-31,15295
2018-11-01,15329
2018-11-02,15347
2018-11-03,15357
2018-11-04,15362
2018-11-05,15395
2018-11-06,15436
2018-11-07,15480
2018-11-08,15511
2018-11-09,15539
2018-11-10,15545
2018-11-11,15552
2018-11-12,15573
2018-11-13,15603
2018-11-14,15643
2018-11-15,15672
2018-11-16,15716
2018-11-17,15739
2018-11-18,15746
2018-11-19,15765
2018-11-20,15796
2018-11-21,15812
2018-11-22,15831
2018-11-23,15836
2018-11-24,15838
2018-11-26,15856
2018-11-27,15981
2018-11-28,16023
2018-11-29,16046
2018-11-30,16111
2018-12-01,16121
2018-12-02,16123
2018-12-03,16161
2018-12-04,16227
2018-12-05,16257
2018-12-06,16292
2018-12-07,16308
2018-12-08,16324
2018-12-09,16331
2018-12-10,16358
2018-12-11,16388
2018-12-12,16423
2018-12-13,16454
2018-12-14,16496
2018-12-15,16508
2018-12-17,16523
2018-12-18,16537
2018-12-19,16559
2018-12-20,16588
2018-12-21,16611
2018-12-22,16617
2018-12-23,16620
2018-12-24,16625
2018-12-26,16637
2018-12-27,16653
2018-12-28,16661
2018-12-29,16665
2018-12-30,16670
2018-12-31,16671
2019-01-02,16680
2019-01-03,16700
2019-01-04,16717
2019-01-05,16724
2019-01-07,16735
2019-01-08,16758
2019-01-09,16793
2019-01-10,16814
2019-01-11,16850
2019-01-12,16863
2019-01-13,16864
2019-01-14,16879
2019-01-15,16896
2019-01-16,16921
2019-01-17,16973
2019-01-18,16994
2019-01-19,16998
2019-01-20,17001
2019-01-21,17003
2019-01-22,17026
2019-01-23,17038
2019-01-24,17067
2019-01-25,17100
2019-01-26,17108
2019-01-27,17115
2019-01-28,17134
2019-01-29,17161
2019-01-30,17192
2019-01-31,17226
2019-02-01,17253
2019-02-02,17265
2019-02-03,17269
2019-02-04,17278
2019-02-05,17327
2019-02-06,17360
2019-02-07,17386
2019-02-08,17413
2019-02-09,17419
2019-02-10,17427
2019-02-11,17460
2019-02-12,17482
2019-02-13,17503
2019-02-14,17533
2019-02-15,17575
2019-02-16,17582
2019-02-17,17585
2019-02-19,17604
2019-02-20,17629
2019-02-21,17661
2019-02-22,17686
2019-02-23,17704
2019-02-24,17706
2019-02-25,17723
2019-02-26,17737
2019-02-27,17753
2019-02-28,17782
2019-03-01,17812
2019-03-02,17816
2019-03-03,17819
2019-03-04,17833
2019-03-05,17840
2019-03-06,17866
2019-03-07,17887
2019-03-08,17909
2019-03-09,17918
2019-03-10,17926
2019-03-11,17942
2019-03-12,17978
2019-03-13,18001
2019-03-14,18025
2019-03-15,18058
2019-03-16,18062
2019-03-17,18065
2019-03-18,18074
2019-03-19,18097
2019-03-20,18117
2019-03-21,18160
2019-03-22,18185
2019-03-23,18193
2019-03-24,18197
2019-03-25,18213
2019-03-26,18241
2019-03-27,18265
2019-03-28,18279
2019-03-29,18310
2019-03-30,18342
2019-03-31,18345
2019-04-01,18372
2019-04-02,18412
2019-04-03,18447
2019-04-04,18480
2019-04-05,18527
2019-04-06,18536
2019-04-07,18546
2019-04-08,18565
2019-04-09,18591
2019-04-10,18624
2019-04-11,18648
2019-04-12,18659
2019-04-13,18675
2019-04-14,18677
2019-04-15,18686
2019-04-16,18702
2019-04-17,18727
2019-04-18,18776
2019-04-19,18841
2019-04-20,18847
2019-04-21,18868
2019-04-22,18899
2019-04-23,18938
2019-04-24,18961
2019-04-25,18990
2019-04-26,19044
2019-04-27,19054
2019-04-28,19056
2019-04-29,19074
2019-04-30,19104
2019-05-01,19119
2019-05-02,19128
2019-05-03,19140
2019-05-04,19142
2019-05-05,19146
2019-05-06,19178
2019-05-07,19201
2019-05-08,19245
2019-05-09,19297
2019-05-10,19331
2019-05-11,19340
2019-05-13,19358
2019-05-14,19371
2019-05-15,19403
2019-05-16,19431
2019-05-17,19473
2019-05-18,19483
2019-05-19,19484
2019-05-20,19512
2019-05-21,19548
2019-05-22,19576
2019-05-23,19610
2019-05-24,19646
2019-05-25,19650
2019-05-26,19659
2019-05-27,19668
2019-05-28,19702
2019-05-29,19749
2019-05-30,19780
2019-05-31,19834
2019-06-01,19874
2019-06-02,19879
2019-06-03,19907
2019-06-04,19966
2019-06-05,20015
2019-06-06,20062
2019-06-07,20099
2019-06-08,20191
2019-06-09,20218
2019-06-10,20268
2019-06-11,20292
2019-06-12,20323
2019-06-13,20360
2019-06-14,20391
2019-06-15,20396
2019-06-16,20400
2019-06-17,20420
2019-06-18,20449
2019-06-19,20481
2019-06-20,20515
2019-06-21,20542
2019-06-22,20554
2019-06-23,20556
2019-06-24,20595
2019-06-25,20622
2019-06-26,20647
2019-06-27,20686
2019-06-28,20695
2019-06-29,20700
2019-06-30,20711
2019-07-01,20740
2019-07-02,20795
2019-07-03,20812
2019-07-04,20819
2019-07-05,20865
2019-07-06,20873
2019-07-07,20874
2019-07-08,20891
2019-07-09,20919
2019-07-10,20975
2019-07-11,21003
2019-07-12,21022
2019-07-13,21029
2019-07-14,21030
2019-07-15,21063
2019-07-16,21096
2019-07-17,21119
2019-07-18,21141
2019-07-19,21182
2019-07-20,21194
2019-07-21,21198
2019-07-22,21236
2019-07-23,21291
2019-07-24,21326
2019-07-25,21372
2019-07-26,21418
2019-07-27,21426
2019-07-28,21427
2019-07-29,21460
2019-07-30,21488
2019-07-31,21525
2019-08-01,21546
2019-08-02,21575
2019-08-03,21580
2019-08-04,21584
2019-08-05,21609
2019-08-06,21630
2019-08-07,21653
2019-08-08,21673
2019-08-09,21789
2019-08-10,21802
2019-08-11,21804
2019-08-12,21843
2019-08-13,21927
2019-08-14,22019
2019-08-15,22076
2019-08-16,22105
2019-08-17,22110
2019-08-18,22112
2019-08-19,22135
2019-08-20,22166
2019-08-21,22186
2019-08-22,22212
2019-08-23,22252
2019-08-24,22264
2019-08-25,22267
2019-08-26,22345
2019-08-27,22369
2019-08-28,22448
2019-08-29,22518
2019-08-30,22583
2019-08-31,22588
2019-09-01,22591
2019-09-02,22596
2019-09-03,22621
2019-09-04,22666
2019-09-05,22693
2019-09-06,22728
2019-09-07,22740
2019-09-08,22743
2019-09-09,22758
2019-09-10,22806
2019-09-11,22884
2019-09-12,22918
2019-09-13,22984
2019-09-14,22992
2019-09-15,23004
2019-09-16,23028
2019-09-17,23071
2019-09-18,23104
2019-09-19,23161
2019-09-20,23210
2019-09-21,23233
2019-09-22,23237
2019-09-23,23261
2019-09-24,23349
2019-09-25,23419
2019-09-26,23503
2019-09-27,23567
2019-09-28,23588
2019-09-29,23590
2019-09-30,23621
2019-10-01,23658
2019-10-02,23682
2019-10-03,23717
2019-10-04,23762
2019-10-05,23774
2019-10-06,23775
2019-10-07,23792
2019-10-08,23877
2019-10-09,23917
2019-10-10,23946
2019-10-11,23969
2019-10-12,24006
2019-10-13,24012
2019-10-14,24051
2019-10-15,24112
2019-10-16,24165
2019-10-17,24206
2019-10-18,24230
2019-10-19,24235
2019-10-20,24238
2019-10-21,24247
2019-10-22,24303
2019-10-23,24355
2019-10-24,24401
2019-10-25,24513
2019-10-26,24517
2019-10-27,24522
2019-10-28,24573
2019-10-29,24622
2019-10-30,24694
2019-10-31,24804
2019-11-01,24839
2019-11-02,24850
2019-11-04,24889
2019-11-05,24940
2019-11-06,25023
2019-11-07,25080
2019-11-08,25128
2019-11-09,25148
2019-11-10,25157
2019-11-11,25231
2019-11-12,25275
2019-11-13,25342
2019-11-14,25371
2019-11-15,25413
2019-11-16,25545
2019-11-17,25553
2019-11-18,25618
2019-11-19,25692
2019-11-20,25867
2019-11-21,25898
2019-11-22,25958
2019-11-23,26047
2019-11-24,26048
2019-11-25,26181
2019-11-26,26215
2019-11-27,26234
2019-11-28,26248
2019-12-02,26257
2019-12-03,26354
2019-12-04,26403
2019-12-05,26468
2019-12-06,26517
2019-12-07,26528
2019-12-08,26529
2019-12-09,26564
2019-12-10,26595
2019-12-11,26627
2019-12-12,26659
2019-12-13,26686
2019-12-14,26697
2019-12-15,26702
2019-12-16,26715
2019-12-17,26729
2019-12-18,26782
2019-12-19,26809
2019-12-20,26833
2019-12-21,26838
2019-12-22,26839
2019-12-23,26845
2019-12-24,26849
2019-12-26,26857
2019-12-27,26867
2019-12-28,26868
2019-12-29,26871
2019-12-30,26875
2019-12-31,26880
2020-01-02,26893
2020-01-03,26914
2020-01-04,26926
2020-01-05,26931
2020-01-06,26948
2020-01-07,26970
2020-01-08,27020
2020-01-09,27047
2020-01-10,27076
2020-01-11,27079
2020-01-12,27080
2020-01-13,27095
2020-01-14,27127
2020-01-15,27153
2020-01-16,27186
2020-01-17,27208
2020-01-18,27234
2020-01-19,27235
2020-01-20,27237
2020-01-21,27256
2020-01-22,27292
2020-01-23,27344
2020-01-24,27365
2020-01-25,27378
2020-01-26,27383
2020-01-27,27399
2020-01-28,27445
2020-01-29,27498
2020-01-30,27530
2020-01-31,27550
2020-02-01,27562
2020-02-02,27566
2020-02-03,27586
2020-02-04,27615
2020-02-05,27644
2020-02-06,27657
2020-02-07,27673
2020-02-08,27676
2020-02-09,27677
2020-02-10,27693
2020-02-11,27712
2020-02-12,27753
2020-02-13,27789
2020-02-14,27827
2020-02-15,27835
2020-02-16,27838
2020-02-17,27846
2020-02-18,27883
2020-02-19,27912
2020-02-20,27946
2020-02-21,28000
2020-02-22,28012
2020-02-23,28014
2020-02-24,28034
2020-02-25,28080
2020-02-26,28104
2020-02-27,28168
2020-02-28,28219
2020-02-29,28233
2020-03-01,28237
2020-03-02,28268
2020-03-03,28325
2020-03-04,28380
2020-03-05,28403
2020-03-06,28441
2020-03-07,28463
2020-03-08,28464
2020-03-09,28493
2020-03-10,28558
2020-03-11,28588
2020-03-12,28631
2020-03-13,28671
2020-03-14,28703
2020-03-15,28713
2020-03-16,28761
2020-03-17,28807
2020-03-18,28906
2020-03-19,28946
2020-03-20,28998
2020-03-21,29036
2020-03-22,29045
2020-03-23,29090
2020-03-24,29161
2020-03-25,29225
2020-03-26,29276
2020-03-27,29338
2020-03-28,29366
2020-03-29,29375
2020-03-30,29410
2020-03-31,29448
2020-04-01,29520
2020-04-02,29558
2020-04-03,29618
2020-04-04,29637
2020-04-05,29640
2020-04-06,29671
2020-04-07,29704
2020-04-08,29753
2020-04-09,29802
2020-04-10,29849
2020-04-11,29868
2020-04-12,29873
2020-04-13,29900
2020-04-14,29950
2020-04-15,29995
2020-04-16,30044
2020-04-17,30078
2020-04-18,30101
2020-04-19,30109
2020-04-20,30152
2020-04-21,30197
2020-04-22,30244
2020-04-23,30285
2020-04-24,30322
2020-04-25,30370
2020-04-26,30380
2020-04-27,30418
2020-04-28,30439
2020-04-29,30557
2020-04-30,30633
2020-05-01,30682
2020-05-02,30688
2020-05-03,30698
2020-05-04,30745
2020-05-05,30816
2020-05-06,30898
2020-05-07,30993
2020-05-08,31057
2020-05-09,31082
2020-05-10,31085
2020-05-11,31118
2020-05-12,31169
2020-05-13,31248
2020-05-14,31373
2020-05-15,31423
2020-05-16,31433
2020-05-17,31434
2020-05-18,31476
2020-05-19,31535
2020-05-20,31613
2020-05-21,31654
2020-05-22,31673
2020-05-24,31674
2020-05-25,31677
2020-05-26,31706
2020-05-27,31763
2020-05-28,31913
2020-05-29,31960
2020-05-30,31969
2020-05-31,31972
2020-06-01,32009
2020-06-02,32054
2020-06-03,32080
2020-06-04,32118
2020-06-05,32143
2020-06-06,32150
2020-06-07,32230
2020-06-08,32252
2020-06-09,32293
2020-06-10,32328
2020-06-11,32383
2020-06-12,32424
2020-06-13,32436
2020-06-14,32443
2020-06-15,32461
2020-06-16,32522
2020-06-17,32574
2020-06-18,32636
2020-06-19,32719
2020-06-20,32736
2020-06-21,32763
2020-06-22,32810
2020-06-23,32926
2020-06-24,32981
2020-06-25,33008
2020-06-26,33042
2020-06-27,33055
2020-06-28,33062
2020-06-29,33077
2020-06-30,33116
2020-07-01,33140
2020-07-02,33167
2020-07-03,33185
2020-07-04,33191
2020-07-05,33192
2020-07-06,33221
2020-07-07,33266
2020-07-08,33320
2020-07-09,33367
2020-07-10,33394
2020-07-11,33407
2020-07-12,33412
2020-07-13,33429
2020-07-14,33450
2020-07-15,33492
2020-07-16,33563
2020-07-17,33649
2020-07-18,33661
2020-07-19,33664
2020-07-20,33681
2020-07-21,33699
2020-07-22,33729
2020-07-23,33768
2020-07-24,33790
2020-07-25,33797
2020-07-26,33802
2020-07-27,33829
2020-07-28,33884
2020-07-29,33908
2020-07-30,33950
2020-07-31,33988
2020-08-01,34013
2020-08-02,34016
2020-08-03,34038
2020-08-04,34103
2020-08-05,34246
2020-08-06,34289
2020-08-07,34320
2020-08-08,34337
2020-08-09,34338
2020-08-10,34352
2020-08-11,34391
2020-08-12,34420
2020-08-13,34457
2020-08-14,34509
2020-08-15,34516
2020-08-16,34519
2020-08-17,34536
2020-08-18,34579
2020-08-19,34594
2020-08-20,34621
2020-08-21,34685
2020-08-22,34714
2020-08-23,34723
2020-08-24,34737
2020-08-25,34760
2020-08-26,34810
2020-08-27,34863
2020-08-28,34906
2020-08-29,34931
2020-08-30,35001
2020-08-31,35062
2020-09-01,35134
2020-09-02,35178
2020-09-03,35260
2020-09-04,35289
2020-09-05,35313
2020-09-06,35322
2020-09-07,35330
2020-09-08,35352
2020-09-09,35445
2020-09-10,35482
2020-09-11,35560
2020-09-12,35572
2020-09-13,35582
2020-09-14,35616
2020-09-15,35647
2020-09-16,35699
2020-09-17,35741
2020-09-18,35774
2020-09-19,35787
2020-09-20,35789
2020-09-21,35809
2020-09-22,35847
2020-09-23,35897
2020-09-24,35948
2020-09-25,36002
2020-09-26,36044
2020-09-27,36070
2020-09-28,36107
2020-09-29,36190
2020-09-30,36230
2020-10-01,36266
2020-10-02,36313
2020-10-03,36322
2020-10-04,36324
2020-10-05,36350
2020-10-06,36402
2020-10-07,36444
2020-10-08,36531
2020-10-09,36561
2020-10-10,36571
2020-10-11,36574
2020-10-12,36592
2020-10-13,36657
2020-10-14,36703
2020-10-15,36751
2020-10-16,36777
2020-10-17,36793
2020-10-18,36798
2020-10-19,36811
2020-10-20,36842
2020-10-21,36875
2020-10-22,36920
2020-10-23,36950
2020-10-24,36959
2020-10-26,36976
2020-10-27,37009
2020-10-28,37046
2020-10-29,37128
2020-10-30,37166
2020-10-31,37172
2020-11-01,37175
2020-11-02,37203
2020-11-03,37248
2020-11-04,37293
2020-11-05,37334
2020-11-06,37372
2020-11-07,37385
2020-11-08,37390
2020-11-09,37425
2020-11-10,37470
2020-11-11,37541
2020-11-12,37666
2020-11-13,37718
2020-11-14,37750
2020-11-15,37756
2020-11-16,37801
2020-11-17,37849
2020-11-18,37899
2020-11-19,37938
2020-11-20,37967
2020-11-21,37997
2020-11-22,38000
2020-11-23,38001
2020-11-24,38002
2020-11-25,38019
2020-11-26,38027
2020-11-27,38033
2020-11-28,38034
2020-11-29,38036
2020-11-30,38062
2020-12-01,38109
2020-12-02,38285
2020-12-03,38342
2020-12-04,38397
2020-12-05,38423
2020-12-06,38433
2020-12-07,38451
2020-12-08,38501
2020-12-09,38539
2020-12-10,38870
2020-12-11,38937
2020-12-12,38958
2020-12-13,38959
2020-12-14,38986
2020-12-15,39048
2020-12-16,39125
2020-12-17,39199
2020-12-18,39254
2020-12-19,39272
2020-12-20,39275
2020-12-21,39313
2020-12-22,39358
2020-12-23,39393
2020-12-24,39397
2020-12-25,39398
2020-12-28,39407
2020-12-29,39415
2020-12-30,39428
2020-12-31,39433
2021-01-01,39434
2021-01-03,39435
2021-01-04,39476
2021-01-05,39518
2021-01-06,39592
2021-01-07,39622
2021-01-08,39855
2021-01-09,39863
2021-01-10,39867
2021-01-11,39908
2021-01-12,39978
2021-01-13,40017
2021-01-14,40046
2021-01-15,40079
2021-01-16,40090
2021-01-17,40091
2021-01-18,40098
2021-01-19,40130
2021-01-20,40194
2021-01-21,40236
2021-01-22,40281
2021-01-23,40314
2021-01-24,40316
2021-01-25,40336
2021-01-26,40368
2021-01-27,40413
2021-01-28,40544
2021-01-29,40613
2021-01-30,40622
2021-01-31,40627
2021-02-01,40675
2021-02-02,40745
2021-02-03,40811
2021-02-04,41113
2021-02-05,41208
2021-02-06,41227
2021-02-07,41230
2021-02-08,41257
2021-02-09,41293
2021-02-10,41352
2021-02-11,41400
2021-02-12,41417
2021-02-13,41432
2021-02-14,41452
2021-02-15,41455
2021-02-16,41465
2021-02-17,41511
2021-02-18,41588
2021-02-19,41657
2021-02-20,41669
2021-02-21,41672
2021-02-22,41719
2021-02-23,41751
2021-02-24,41779
2021-02-25,41833
2021-02-26,41898
2021-02-27,41906
2021-02-28,41912
2021-03-01,41968
2021-03-02,42241
2021-03-03,42311
2021-03-04,42344
2021-03-05,42408
2021-03-06,42415
2021-03-07,42418
2021-03-08,42450
2021-03-09,42510
2021-03-10,42580
2021-03-11,42629
2021-03-12,42938
2021-03-13,42950
2021-03-14,42957
2021-03-15,42999
2021-03-16,43040
2021-03-17,43089
2021-03-18,43154
2021-03-19,43194
2021-03-20,43201
2021-03-21,43204
2021-03-22,43234
2021-03-23,43307
2021-03-24,43342
2021-03-25,43372
2021-03-26,43449
2021-03-27,43594
2021-03-28,43603
2021-03-29,43670
2021-03-30,43732
2021-03-31,43780
2021-04-01,43906
2021-04-02,44089
2021-04-03,44099
2021-04-04,44100
2021-04-05,44139
2021-04-06,44459
2021-04-07,44552
2021-04-08,44590
2021-04-09,44646
2021-04-10,44705
2021-04-11,44712
2021-04-12,44754
2021-04-13,44870
2021-04-14,45024
2021-04-15,45220
2021-04-16,45336
2021-04-17,45350
2021-04-18,45356
2021-04-19,45390
2021-04-20,45444
2021-04-21,45654
2021-04-22,45719
2021-04-23,45787
2021-04-24,45801
2021-04-25,45825
2021-04-26,45977
2021-04-27,46187
2021-04-28,46244
2021-04-29,46371
2021-04-30,46477
2021-05-01,46546
2021-05-02,46565
2021-05-03,46679
2021-05-04,46799
2021-05-05,46875
2021-05-06,47012
2021-05-07,47111
2021-05-08,47131
2021-05-09,47137
2021-05-10,47179
2021-05-11,47238
2021-05-12,47341
2021-05-13,47546
2021-05-14,47700
2021-05-15,47713
2021-05-16,47717
2021-05-17,47792
2021-05-18,47870
2021-05-19,47951
2021-05-20,47998
2021-05-21,48886
2021-05-22,48968
2021-05-23,48981
2021-05-24,49005
2021-05-25,49076
2021-05-26,49133
2021-05-27,49246
2021-05-28,49287
2021-05-29,49299
2021-05-30,49305
2021-05-31,49312
2021-06-01,49343
2021-06-02,49457
2021-06-03,49494
2021-06-04,49614
2021-06-05,49648
2021-06-06,49657
2021-06-07,49682
2021-06-08,49746
2021-06-09,49810
2021-06-10,49853
2021-06-11,49930
2021-06-12,49959
2021-06-13,49964
2021-06-14,49994
2021-06-15,50076
2021-06-16,50113
2021-06-17,50225
2021-06-18,50279
2021-06-19,50294
2021-06-20,50298
2021-06-21,50326
2021-06-22,50417
2021-06-23,50478
2021-06-24,50540
2021-06-25,50604
2021-06-26,50623
2021-06-27,50630
2021-06-28,50714
2021-06-29,50763
2021-06-30,50838
2021-07-01,50881
2021-07-02,50902
2021-07-03,50913
2021-07-06,50927
2021-07-07,51072
2021-07-08,51152
2021-07-09,51218
2021-07-10,51256
2021-07-11,51276
2021-07-12,51317
2021-07-13,51351
2021-07-14,51377
2021-07-15,51416
2021-07-16,51459
2021-07-17,51464
2021-07-18,51530
2021-07-19,51563
2021-07-20,51658
2021-07-21,51771
2021-07-22,51812
2021-07-23,51858
2021-07-24,51870
2021-07-25,51875
2021-07-26,51912
2021-07-27,51969
2021-07-28,52006
2021-07-29,52061
2021-07-30,52117
2021-07-31,52126
2021-08-01,52128
2021-08-02,52160
2021-08-03,52222
2021-08-04,52254
2021-08-05,52287
2021-08-06,52323
2021-08-07,52331
2021-08-09,52369
2021-08-10,52448
2021-08-11,52475
2021-08-12,52496
2021-08-13,52545
2021-08-14,52583
2021-08-15,52588
2021-08-16,52628
2021-08-17,52686
2021-08-18,52757
2021-08-19,52807
2021-08-20,52864
2021-08-21,52872
2021-08-22,52873
2021-08-23,52890
2021-08-24,52965
2021-08-25,53033
2021-08-26,53081
2021-08-27,53147
2021-08-28,53157
2021-08-29,53167
2021-08-30,53210
2021-08-31,53258
2021-09-01,53305
2021-09-02,53362
2021-09-03,53374
2021-09-04,53377
2021-09-05,53383
2021-09-06,53384
2021-09-07,53408
2021-09-08,53516
2021-09-09,53579
2021-09-10,53614
2021-09-11,53625
2021-09-12,53631
2021-09-13,53666
2021-09-14,53725
2021-09-15,53781
2021-09-16,53816
2021-09-17,53918
2021-09-18,53932
2021-09-20,53960
2021-09-21,53997
2021-09-22,54037
2021-09-23,54074
2021-09-24,54155
2021-09-25,54170
2021-09-26,54174
2021-09-27,54190
2021-09-28,54236
2021-09-29,54274
2021-09-30,54310
2021-10-01,54491
2021-10-02,54506
2021-10-03,54510
2021-10-04,54530
2021-10-05,54568
2021-10-06,54617
2021-10-07,54667
2021-10-08,54775
2021-10-09,54845
2021-10-10,54896
2021-10-11,54932
2021-10-12,54989
2021-10-13,55059
2021-10-14,55093
2021-10-15,55135
2021-10-16,55140
2021-10-17,55150
2021-10-18,55188
2021-10-19,55308
2021-10-20,55453
2021-10-21,55489
2021-10-22,55603
2021-10-23,55615
2021-10-24,55622
2021-10-25,55663
2021-10-26,55705
2021-10-27,55749
2021-10-28,55840
2021-10-29,55922
2021-10-30,55930
2021-10-31,55933
2021-11-01,55952
2021-11-02,55997
2021-11-03,56071
2021-11-04,56133
2021-11-05,56232
2021-11-06,56238
2021-11-07,56240
2021-11-08,56315
2021-11-09,56369
2021-11-10,56400
2021-11-11,56440
2021-11-12,56466
2021-11-13,56487
2021-11-14,56489
2021-11-15,56512
2021-11-16,56567
2021-11-17,56606
2021-11-18,56635
2021-11-19,56707
2021-11-20,56815
2021-11-21,56936
2021-11-22,56954
2021-11-23,56977
2021-11-24,56998
2021-11-25,57002
2021-11-27,57005
2021-11-28,57010
2021-11-29,57045
2021-11-30,57159
2021-12-01,57196
2021-12-02,57291
2021-12-03,57330
2021-12-04,57345
2021-12-05,57348
2021-12-06,57387
2021-12-07,57452
2021-12-08,57502
2021-12-09,57542
2021-12-10,57576
2021-12-11,57590
2021-12-12,57611
2021-12-13,57635
2021-12-14,57700
2021-12-15,57781
2021-12-16,57836
2021-12-17,57947
2021-12-18,57955
2021-12-19,57964
2021-12-20,57986
2021-12-21,58038
2021-12-22,58097
2021-12-23,58137
2021-12-24,58142
2021-12-25,58144
2021-12-27,58146
2021-12-28,58163
2021-12-29,58179
2021-12-30,58239
2021-12-31,58241
2022-01-01,58242
2022-01-02,58246
2022-01-03,58250
2022-01-04,58282
2022-01-05,58361
2022-01-06,58504
2022-01-07,58593
2022-01-08,58622
2022-01-09,58626
2022-01-10,58663
2022-01-11,58695
2022-01-12,58810
2022-01-13,58893
2022-01-14,58923
2022-01-15,58930
2022-01-16,58931
2022-01-17,58935
2022-01-18,58962
2022-01-19,59004
2022-01-20,59060
2022-01-21,59103
2022-01-22,59127
2022-01-23,59128
2022-01-24,59157
2022-01-25,59217
2022-01-26,59280
2022-01-27,59375
2022-01-28,59426
2022-01-29,59431
2022-01-30,59437
2022-01-31,59478
2022-02-01,59584
2022-02-02,59634
2022-02-03,59677
2022-02-04,59732
2022-02-05,59748
2022-02-07,59829
2022-02-08,59891
2022-02-09,59956
2022-02-10,59984
2022-02-11,60047
2022-02-12,60061
2022-02-13,60062
2022-02-14,60101
2022-02-15,60239
2022-02-16,60295
2022-02-17,60351
2022-02-18,60390
2022-02-19,60412
2022-02-20,60416
2022-02-21,60418
2022-02-22,60450
2022-02-23,60498
2022-02-24,60562
2022-02-25,60611
2022-02-26,60617
2022-02-27,60622
2022-02-28,60649
2022-03-01,60734
2022-03-02,60817
2022-03-03,60855
2022-03-04,60895
2022-03-05,60903
2022-03-06,60910
2022-03-07,60930
2022-03-08,60979
2022-03-09,61028
2022-03-10,61069
2022-03-11,61162
2022-03-12,61175
2022-03-13,61178
2022-03-14,61222
2022-03-15,61271
2022-03-16,61361
2022-03-17,61418
2022-03-18,61433
2022-03-19,61441
2022-03-21,61473
2022-03-22,61542
2022-03-23,61579
2022-03-24,61611
2022-03-25,61652
2022-03-26,61656
2022-03-28,61713
2022-03-29,61794
2022-03-30,61843
2022-03-31,61898
2022-04-01,61949
2022-04-02,61968
2022-04-03,61974
2022-04-04,62012
2022-04-05,62047
2022-04-06,62123
2022-04-07,62188
2022-04-08,62237
2022-04-09,62248
2022-04-10,62249
2022-04-11,62293
2022-04-12,62331
2022-04-13,62380
2022-04-14,62434
2022-04-15,62485
2022-04-16,62498
2022-04-17,62514
2022-04-18,62538
2022-04-19,62603
2022-04-20,62641
2022-04-21,62677
2022-04-22,62733
2022-04-23,62745
2022-04-24,62752
2022-04-25,62812
2022-04-26,62865
2022-04-27,62902
2022-04-28,62961
2022-04-29,62981
2022-04-30,62987
2022-05-01,62995
2022-05-02,63039
2022-05-03,63110
2022-05-04,63176
2022-05-05,63225
2022-05-06,63262
2022-05-07,63271
2022-05-08,63276
2022-05-09,63328
2022-05-10,63385
2022-05-11,63447
2022-05-12,63535
2022-05-13,63579
2022-05-14,63594
2022-05-15,63602
2022-05-16,63653
2022-05-17,63721
2022-05-18,63793
2022-05-19,63858
2022-05-20,63914
2022-05-21,63937
2022-05-22,63949
2022-05-23,63975
2022-05-24,64043
2022-05-25,64091
2022-05-26,64137
2022-05-27,64149
2022-05-28,64156
2022-05-29,64157
2022-05-30,64164
2022-05-31,64251
2022-06-01,64299
2022-06-02,64348
2022-06-03,64414
2022-06-04,64418
2022-06-05,64426
2022-06-06,64481
2022-06-07,64534
2022-06-08,64607
2022-06-09,64701
2022-06-10,64755
2022-06-11,64766
2022-06-12,64793
2022-06-13,64849
2022-06-14,64908
2022-06-15,64974
2022-06-16,65019
2022-06-17,65069
2022-06-18,65079
2022-06-19,65081
2022-06-20,65124
2022-06-21,65179
2022-06-22,65254
2022-06-23,65296
2022-06-24,65340
2022-06-25,65352
2022-06-26,65356
2022-06-27,65407
2022-06-28,65449
2022-06-29,65511
2022-06-30,65555
2022-07-01,65595
2022-07-02,65600
2022-07-03,65601
2022-07-04,65613
2022-07-05,65649
2022-07-06,65712
2022-07-07,65775
2022-07-08,65830
2022-07-09,65854
2022-07-10,65856
2022-07-11,65894
2022-07-12,65951
2022-07-13,66017
2022-07-14,66069
2022-07-15,66131
2022-07-16,66146
2022-07-17,66156
2022-07-18,66200
2022-07-19,66252
2022-07-20,66316
2022-07-21,66390
2022-07-22,66466
2022-07-23,66484
2022-07-24,66493
2022-07-25,66546
2022-07-26,66621
2022-07-27,66688
2022-07-28,66735
2022-07-29,66764
2022-07-30,66772
2022-07-31,66781
2022-08-01,66818
2022-08-02,66855
2022-08-03,66915
2022-08-04,66962
2022-08-05,67008
2022-08-06,67029
2022-08-07,67032
2022-08-08,67086
2022-08-09,67129
2022-08-10,67172
2022-08-11,67215
2022-08-12,67242
2022-08-13,67253
2022-08-14,67254
2022-08-15,67288
2022-08-16,67348
2022-08-17,67388
2022-08-18,67453
2022-08-19,67501
2022-08-20,67516
2022-08-21,67522
2022-08-22,67564
2022-08-23,67614
2022-08-24,67662
2022-08-25,67711
2022-08-26,67753
2022-08-27,67769
2022-08-28,67783
2022-08-29,67815
2022-08-30,67858
2022-08-31,67895
2022-09-01,67949
2022-09-02,67964
2022-09-03,67967
2022-09-04,67969
2022-09-05,67980
2022-09-06,68021
2022-09-07,68061
2022-09-08,68102
2022-09-09,68139
2022-09-10,68152
2022-09-11,68155
2022-09-12,68186
2022-09-13,68239
2022-09-14,68287
2022-09-15,68315
2022-09-16,68358
2022-09-17,68384
2022-09-18,68386
2022-09-19,68413
2022-09-20,68442
2022-09-21,68496
2022-09-22,68547
2022-09-23,68587
2022-09-24,68599
2022-09-25,68607
2022-09-26,68633
2022-09-27,68697
2022-09-28,68786
2022-09-29,68835
2022-09-30,68894
2022-10-01,68916
2022-10-02,68938
2022-10-03,69003
2022-10-04,69033
2022-10-05,69067
2022-10-06,69122
2022-10-07,69177
2022-10-08,69186
2022-10-09,69195
2022-10-10,69225
2022-10-11,69280
2022-10-12,69346
2022-10-13,69386
2022-10-14,69431
2022-10-15,69438
2022-10-16,69449
2022-10-17,69506
2022-10-18,69557
2022-10-19,69612
2022-10-20,69643
2022-10-21,69710
2022-10-22,69718
2022-10-23,69736
2022-10-24,69787
2022-10-25,69848
2022-10-26,69920
2022-10-27,69955
2022-10-28,70011
2022-10-29,70030
2022-10-30,70039
2022-10-31,70103
2022-11-01,70166
2022-11-02,70269
2022-11-03,70327
2022-11-04,70367
2022-11-05,70370
2022-11-06,70372
2022-11-07,70411
2022-11-08,70474
2022-11-09,70511
2022-11-10,70560
2022-11-11,70598
2022-11-12,70616
2022-11-13,70628
2022-11-14,70662
2022-11-15,70729
2022-11-16,70785
2022-11-17,70834
2022-11-18,70878
2022-11-19,70899
2022-11-20,70907
2022-11-21,70955
2022-11-22,70995
2022-11-23,71043
2022-11-24,71085
2022-11-25,71100
2022-11-26,71117
2022-11-27,71119
2022-11-28,71183
2022-11-29,71243
2022-11-30,71295
2022-12-01,71349
2022-12-02,71399
2022-12-03,71411
2022-12-04,71423
2022-12-05,71452
2022-12-06,71508
2022-12-07,71566
2022-12-08,71613
2022-12-09,71665
2022-12-10,71688
2022-12-11,71708
2022-12-12,71731
2022-12-13,71804
2022-12-14,71846
2022-12-15,71858
