time,stargazers
2010-08-24,297025
2010-08-25,297026
2010-08-26,297027
2010-08-31,297028
2010-09-01,297029
2010-09-06,297031
2010-09-07,297032
2010-09-14,297033
2010-09-15,297034
2010-09-18,297037
2010-09-20,297038
2010-09-21,297040
2010-09-23,297041
2010-09-24,297043
2010-09-25,297044
2010-09-27,297045
2010-09-30,297047
2010-10-02,297048
2010-10-03,297049
2010-10-04,297050
2010-10-05,297052
2010-10-06,297055
2010-10-07,297057
2010-10-09,297058
2010-10-10,297059
2010-10-15,297061
2010-10-17,297063
2010-10-19,297064
2010-10-21,297066
2010-10-22,297067
2010-10-23,297069
2010-10-25,297073
2010-10-26,297074
2010-10-28,297075
2010-10-30,297077
2010-10-31,297082
2010-11-01,297083
2010-11-03,297084
2010-11-04,297088
2010-11-05,297089
2010-11-08,297090
2010-11-09,297091
2010-11-10,297092
2010-11-11,297094
2010-11-12,297095
2010-11-14,297096
2010-11-15,297098
2010-11-16,297100
2010-11-17,297101
2010-11-18,297102
2010-11-22,297105
2010-11-23,297106
2010-11-26,297108
2010-11-27,297109
2010-11-28,297110
2010-11-29,297112
2010-12-02,297114
2010-12-03,297115
2010-12-04,297116
2010-12-05,297118
2010-12-06,297119
2010-12-07,297120
2010-12-08,297121
2010-12-10,297122
2010-12-12,297123
2010-12-13,297124
2010-12-14,297127
2010-12-15,297129
2010-12-18,297130
2010-12-24,297133
2010-12-25,297136
2010-12-28,297138
2010-12-29,297139
2010-12-30,297140
2010-12-31,297141
2011-01-02,297142
2011-01-03,297143
2011-01-05,297147
2011-01-06,297149
2011-01-09,297150
2011-01-10,297151
2011-01-11,297153
2011-01-12,297156
2011-01-13,297159
2011-01-16,297160
2011-01-17,297161
2011-01-19,297162
2011-01-21,297163
2011-01-23,297164
2011-01-24,297165
2011-01-27,297168
2011-01-28,297170
2011-01-29,297171
2011-01-30,297172
2011-01-31,297173
2011-02-01,297174
2011-02-02,297175
2011-02-05,297176
2011-02-06,297177
2011-02-08,297178
2011-02-10,297180
2011-02-13,297182
2011-02-14,297184
2011-02-15,297186
2011-02-16,297187
2011-02-17,297189
2011-02-20,297191
2011-02-21,297192
2011-02-23,297193
2011-02-27,297194
2011-02-28,297195
2011-03-01,297197
2011-03-04,297198
2011-03-05,297199
2011-03-08,297200
2011-03-10,297201
2011-03-16,297202
2011-03-17,297206
2011-03-19,297207
2011-03-21,297208
2011-03-22,297209
2011-03-27,297212
2011-03-28,297213
2011-03-29,297214
2011-03-30,297216
2011-03-31,297218
2011-04-02,297221
2011-04-03,297222
2011-04-04,297223
2011-04-05,297225
2011-04-06,297226
2011-04-08,297227
2011-04-09,297229
2011-04-12,297232
2011-04-14,297234
2011-04-15,297237
2011-04-16,297238
2011-04-17,297240
2011-04-18,297241
2011-04-19,297242
2011-04-21,297245
2011-04-22,297246
2011-04-23,297247
2011-04-25,297248
2011-04-26,297250
2011-04-28,297252
2011-04-29,297254
2011-05-02,297255
2011-05-03,297257
2011-05-04,297258
2011-05-05,297259
2011-05-06,297260
2011-05-10,297261
2011-05-11,297263
2011-05-12,297264
2011-05-13,297265
2011-05-16,297266
2011-05-18,297268
2011-05-19,297271
2011-05-20,297274
2011-05-22,297275
2011-05-23,297277
2011-05-24,297278
2011-05-25,297279
2011-05-26,297281
2011-05-30,297282
2011-06-01,297283
2011-06-05,297284
2011-06-06,297287
2011-06-09,297289
2011-06-10,297290
2011-06-13,297292
2011-06-14,297294
2011-06-15,297296
2011-06-17,297297
2011-06-20,297300
2011-06-22,297301
2011-06-23,297303
2011-06-27,297307
2011-06-28,297308
2011-06-30,297309
2011-07-02,297310
2011-07-03,297312
2011-07-04,297314
2011-07-05,297316
2011-07-06,297317
2011-07-08,297318
2011-07-09,297319
2011-07-11,297320
2011-07-12,297321
2011-07-14,297323
2011-07-16,297325
2011-07-18,297326
2011-07-19,297328
2011-07-22,297329
2011-07-26,297330
2011-07-28,297331
2011-07-29,297332
2011-07-31,297334
2011-08-02,297335
2011-08-04,297337
2011-08-07,297338
2011-08-08,297339
2011-08-10,297340
2011-08-12,297341
2011-08-16,297342
2011-08-17,297343
2011-08-19,297344
2011-08-21,297345
2011-08-22,297346
2011-08-23,297347
2011-08-24,297348
2011-08-27,297349
2011-08-28,297351
2011-08-29,297352
2011-08-31,297353
2011-09-01,297354
2011-09-03,297355
2011-09-04,297356
2011-09-05,297357
2011-09-07,297359
2011-09-08,297361
2011-09-10,297362
2011-09-13,297363
2011-09-14,297364
2011-09-17,297367
2011-09-19,297370
2011-09-21,297371
2011-09-22,297372
2011-09-23,297373
2011-09-26,297374
2011-09-28,297376
2011-09-29,297377
2011-09-30,297378
2011-10-01,297379
2011-10-03,297383
2011-10-04,297384
2011-10-06,297385
2011-10-07,297388
2011-10-11,297389
2011-10-12,297390
2011-10-13,297391
2011-10-14,297392
2011-10-15,297393
2011-10-16,297394
2011-10-18,297395
2011-10-20,297397
2011-10-21,297398
2011-10-22,297399
2011-10-25,297400
2011-10-26,297401
2011-11-01,297402
2011-11-02,297404
2011-11-04,297406
2011-11-06,297407
2011-11-07,297408
2011-11-08,297409
2011-11-13,297410
2011-11-14,297414
2011-11-15,297415
2011-11-18,297417
2011-11-20,297418
2011-11-21,297419
2011-11-25,297420
2011-11-26,297421
2011-11-27,297423
2011-11-30,297424
2011-12-02,297426
2011-12-03,297428
2011-12-04,297429
2011-12-07,297431
2011-12-08,297433
2011-12-09,297436
2011-12-11,297437
2011-12-13,297440
2011-12-14,297441
2011-12-19,297443
2011-12-21,297447
2011-12-25,297448
2011-12-26,297449
2011-12-28,297451
2012-01-03,297453
2012-01-04,297455
2012-01-05,297457
2012-01-06,297459
2012-01-07,297460
2012-01-08,297461
2012-01-09,297464
2012-01-11,297465
2012-01-12,297466
2012-01-13,297469
2012-01-16,297470
2012-01-18,297472
2012-01-21,297473
2012-01-22,297474
2012-01-24,297475
2012-01-25,297477
2012-01-27,297478
2012-01-28,297479
2012-01-30,297481
2012-02-01,297482
2012-02-03,297484
2012-02-04,297485
2012-02-06,297486
2012-02-07,297487
2012-02-09,297489
2012-02-10,297490
2012-02-11,297491
2012-02-15,297492
2012-02-17,297493
2012-02-19,297494
2012-02-20,297496
2012-02-21,297499
2012-02-23,297500
2012-02-24,297501
2012-02-25,297502
2012-02-29,297503
2012-03-03,297506
2012-03-04,297507
2012-03-05,297508
2012-03-07,297509
2012-03-08,297511
2012-03-10,297512
2012-03-12,297514
2012-03-13,297515
2012-03-15,297518
2012-03-17,297519
2012-03-19,297521
2012-03-23,297522
2012-03-24,297523
2012-03-25,297524
2012-03-27,297525
2012-04-01,297526
2012-04-02,297527
2012-04-05,297528
2012-04-06,297529
2012-04-07,297530
2012-04-09,297531
2012-04-11,297536
2012-04-14,297537
2012-04-16,297538
2012-04-17,297539
2012-04-18,297540
2012-04-20,297541
2012-04-24,297545
2012-04-27,297546
2012-04-29,297548
2012-05-02,297549
2012-05-03,297550
2012-05-04,297551
2012-05-07,297552
2012-05-10,297553
2012-05-13,297554
2012-05-14,297555
2012-05-15,297556
2012-05-19,297557
2012-05-21,297558
2012-05-23,297559
2012-05-25,297561
2012-05-30,297562
2012-05-31,297564
2012-06-01,297565
2012-06-04,297566
2012-06-05,297567
2012-06-07,297569
2012-06-08,297570
2012-06-11,297571
2012-06-12,297572
2012-06-14,297573
2012-06-15,297574
2012-06-16,297575
2012-06-18,297577
2012-06-19,297579
2012-06-20,297580
2012-06-21,297583
2012-06-22,297584
2012-06-24,297585
2012-07-01,297586
2012-07-04,297587
2012-07-05,297588
2012-07-06,297589
2012-07-08,297590
2012-07-09,297591
2012-07-11,297592
2012-07-14,297593
2012-07-16,297594
2012-07-19,297595
2012-07-20,297598
2012-07-21,297599
2012-07-22,297601
2012-07-25,297602
2012-07-26,297604
2012-07-27,297605
2012-07-28,297607
2012-08-02,297610
2012-08-03,297612
2012-08-05,297613
2012-08-08,297614
2012-08-12,297615
2012-08-16,297616
2012-08-23,297617
2012-08-31,297618
2012-09-02,297619
2012-09-04,297620
2012-09-10,297621
2012-09-13,297622
2012-09-25,297624
2012-09-27,297626
2012-09-28,297627
2012-10-03,297628
2012-11-08,297629
2012-11-16,297630
2012-11-21,297631
2012-11-23,297632
2012-11-25,297633
2012-11-30,297634
2012-12-02,297635
2012-12-10,297636
2012-12-18,297637
2013-01-09,297638
2013-01-25,297639
2013-02-09,297640
2013-02-10,297642
2013-02-11,297645
2013-02-12,297647
2013-02-13,297650
2013-02-15,297655
2013-02-16,297660
2013-02-17,297663
2013-02-18,297664
2013-02-19,297671
2013-02-20,297672
2013-02-21,297675
2013-02-22,297676
2013-02-23,297677
2013-02-24,297680
2013-02-25,297682
2013-02-26,297684
2013-02-27,297690
2013-02-28,297691
2013-03-01,297692
2013-03-02,297693
2013-03-03,297694
2013-03-04,297696
2013-03-05,297705
2013-03-06,297707
2013-03-07,297710
2013-03-09,297711
2013-03-10,297717
2013-03-11,297722
2013-03-12,297729
2013-03-13,297730
2013-03-14,297733
2013-03-15,297736
2013-03-16,297741
2013-03-17,297745
2013-03-18,297752
2013-03-19,297755
2013-03-20,297759
2013-03-21,297762
2013-03-22,297765
2013-03-23,297770
2013-03-24,297772
2013-03-25,297780
2013-03-26,297781
2013-03-27,297782
2013-03-28,297788
2013-03-29,297789
2013-03-30,297791
2013-03-31,297792
2013-04-01,297797
2013-04-02,297804
2013-04-03,297811
2013-04-04,297815
2013-04-05,297817
2013-04-06,297819
2013-04-07,297823
2013-04-08,297825
2013-04-09,297828
2013-04-10,297829
2013-04-11,297830
2013-04-12,297831
2013-04-13,297833
2013-04-14,297834
2013-04-15,297839
2013-04-16,297840
2013-04-17,297842
2013-04-18,297844
2013-04-19,297845
2013-04-21,297847
2013-04-22,297851
2013-04-23,297853
2013-04-24,297857
2013-04-25,297858
2013-04-26,297860
2013-04-27,297861
2013-04-28,297863
2013-04-29,297864
2013-04-30,297866
2013-05-01,297868
2013-05-02,297873
2013-05-03,297875
2013-05-04,297877
2013-05-05,297878
2013-05-06,297879
2013-05-07,297881
2013-05-08,297882
2013-05-09,297884
2013-05-10,297886
2013-05-11,297887
2013-05-12,297888
2013-05-13,297889
2013-05-14,297893
2013-05-15,297898
2013-05-16,297900
2013-05-17,297902
2013-05-18,297904
2013-05-19,297905
2013-05-20,297911
2013-05-21,297912
2013-05-22,297915
2013-05-23,297918
2013-05-24,297921
2013-05-25,297924
2013-05-26,297926
2013-05-27,297927
2013-05-28,297930
2013-05-31,297931
2013-06-01,297933
2013-06-02,297936
2013-06-03,297939
2013-06-05,297942
2013-06-06,297945
2013-06-07,297950
2013-06-10,297951
2013-06-12,297952
2013-06-13,297954
2013-06-14,297956
2013-06-16,297960
2013-06-17,297964
2013-06-18,297969
2013-06-20,297972
2013-06-21,297973
2013-06-24,297977
2013-06-25,297981
2013-06-26,297982
2013-06-27,297984
2013-06-28,297989
2013-06-29,297990
2013-06-30,297991
2013-07-01,297996
2013-07-03,298004
2013-07-04,298007
2013-07-05,298011
2013-07-06,298012
2013-07-07,298014
2013-07-08,298020
2013-07-09,298024
2013-07-10,298027
2013-07-11,298029
2013-07-12,298031
2013-07-13,298033
2013-07-14,298035
2013-07-15,298037
2013-07-16,298039
2013-07-17,298041
2013-07-18,298042
2013-07-19,298043
2013-07-20,298045
2013-07-21,298047
2013-07-22,298051
2013-07-23,298053
2013-07-24,298056
2013-07-25,298060
2013-07-26,298062
2013-07-27,298065
2013-07-28,298066
2013-07-30,298067
2013-07-31,298073
2013-08-01,298074
2013-08-02,298077
2013-08-03,298078
2013-08-04,298080
2013-08-05,298083
2013-08-06,298084
2013-08-07,298087
2013-08-08,298090
2013-08-09,298092
2013-08-11,298099
2013-08-12,298108
2013-08-13,298110
2013-08-15,298111
2013-08-16,298112
2013-08-17,298115
2013-08-18,298118
2013-08-20,298123
2013-08-22,298126
2013-08-23,298133
2013-08-24,298140
2013-08-25,298141
2013-08-26,298143
2013-08-27,298147
2013-08-28,298150
2013-08-29,298152
2013-08-31,298153
2013-09-01,298155
2013-09-02,298156
2013-09-03,298158
2013-09-04,298160
2013-09-05,298165
2013-09-08,298166
2013-09-09,298173
2013-09-10,298175
2013-09-11,298178
2013-09-13,298181
2013-09-14,298183
2013-09-15,298184
2013-09-16,298185
2013-09-17,298207
2013-09-18,298233
2013-09-19,298244
2013-09-20,298255
2013-09-21,298258
2013-09-22,298265
2013-09-23,298268
2013-09-24,298270
2013-09-25,298275
2013-09-26,298278
2013-09-27,298283
2013-09-28,298287
2013-09-29,298290
2013-09-30,298293
2013-10-01,298294
2013-10-02,298298
2013-10-03,298300
2013-10-04,298302
2013-10-05,298303
2013-10-06,298306
2013-10-07,298308
2013-10-08,298312
2013-10-09,298318
2013-10-10,298323
2013-10-11,298329
2013-10-12,298331
2013-10-13,298333
2013-10-14,298341
2013-10-15,298351
2013-10-16,298356
2013-10-17,298361
2013-10-18,298369
2013-10-19,298373
2013-10-20,298375
2013-10-22,298381
2013-10-23,298389
2013-10-24,298399
2013-10-25,298401
2013-10-26,298403
2013-10-27,298409
2013-10-28,298418
2013-10-29,298421
2013-10-30,298424
2013-10-31,298428
2013-11-01,298431
2013-11-03,298433
2013-11-04,298434
2013-11-05,298439
2013-11-06,298445
2013-11-07,298448
2013-11-08,298449
2013-11-09,298453
2013-11-10,298455
2013-11-11,298461
2013-11-12,298466
2013-11-13,298478
2013-11-14,298482
2013-11-15,298484
2013-11-16,298487
2013-11-17,298489
2013-11-18,298493
2013-11-19,298501
2013-11-20,298507
2013-11-21,298513
2013-11-22,298516
2013-11-23,298518
2013-11-24,298520
2013-11-25,298522
2013-11-26,298526
2013-11-27,298532
2013-11-28,298535
2013-11-29,298537
2013-11-30,298541
2013-12-01,298552
2013-12-02,298556
2013-12-03,298561
2013-12-04,298562
2013-12-05,298567
2013-12-06,298570
2013-12-07,298573
2013-12-08,298575
2013-12-09,298579
2013-12-10,298584
2013-12-11,298586
2013-12-12,298588
2013-12-13,298592
2013-12-14,298595
2013-12-15,298599
2013-12-16,298601
2013-12-17,298608
2013-12-18,298609
2013-12-20,298615
2013-12-21,298617
2013-12-23,298621
2013-12-24,298623
2013-12-26,298624
2013-12-27,298632
2013-12-28,298635
2013-12-29,298636
2013-12-30,298637
2013-12-31,298642
2014-01-01,298643
2014-01-02,298645
2014-01-03,298647
2014-01-05,298649
2014-01-06,298653
2014-01-07,298655
2014-01-08,298656
2014-01-09,298659
2014-01-10,298663
2014-01-11,298667
2014-01-12,298669
2014-01-13,298674
2014-01-15,298677
2014-01-16,298681
2014-01-17,298690
2014-01-18,298692
2014-01-19,298693
2014-01-20,298701
2014-01-21,298707
2014-01-22,298708
2014-01-23,298712
2014-01-24,298714
2014-01-25,298717
2014-01-26,298723
2014-01-27,298726
2014-01-28,298734
2014-01-29,298737
2014-01-30,298740
2014-01-31,298741
2014-02-01,298743
2014-02-02,298745
2014-02-03,298746
2014-02-04,298748
2014-02-05,298754
2014-02-06,298766
2014-02-07,298769
2014-02-08,298773
2014-02-09,298775
2014-02-10,298786
2014-02-11,298791
2014-02-12,298794
2014-02-13,298796
2014-02-14,298801
2014-02-15,298805
2014-02-16,298808
2014-02-17,298810
2014-02-18,298814
2014-02-19,298820
2014-02-20,298825
2014-02-21,298829
2014-02-22,298831
2014-02-23,298835
2014-02-24,298840
2014-02-25,298842
2014-02-26,298845
2014-02-27,298849
2014-02-28,298852
2014-03-01,298853
2014-03-02,298860
2014-03-03,298862
2014-03-04,298867
2014-03-05,298873
2014-03-06,298877
2014-03-07,298883
2014-03-08,298885
2014-03-10,298887
2014-03-11,298890
2014-03-12,298892
2014-03-13,298893
2014-03-14,298897
2014-03-15,298900
2014-03-16,298911
2014-03-17,298916
2014-03-18,298918
2014-03-19,298924
2014-03-20,298927
2014-03-21,298929
2014-03-22,298930
2014-03-23,298934
2014-03-24,298938
2014-03-25,298942
2014-03-26,298943
2014-03-27,298946
2014-03-28,298948
2014-03-29,298949
2014-03-30,298952
2014-03-31,298954
2014-04-01,298959
2014-04-02,298964
2014-04-03,298967
2014-04-04,298971
2014-04-05,298974
2014-04-06,298976
2014-04-07,298980
2014-04-08,298983
2014-04-09,298986
2014-04-10,298987
2014-04-11,298990
2014-04-12,298992
2014-04-13,298997
2014-04-14,299000
2014-04-15,299004
2014-04-16,299005
2014-04-17,299014
2014-04-18,299020
2014-04-19,299023
2014-04-20,299025
2014-04-21,299030
2014-04-22,299034
2014-04-23,299035
2014-04-25,299036
2014-04-26,299037
2014-04-27,299039
2014-04-28,299042
2014-04-29,299044
2014-04-30,299046
2014-05-01,299056
2014-05-02,299061
2014-05-03,299062
2014-05-04,299063
2014-05-05,299068
2014-05-06,299073
2014-05-07,299078
2014-05-08,299080
2014-05-09,299081
2014-05-11,299083
2014-05-12,299085
2014-05-13,299087
2014-05-14,299096
2014-05-15,299100
2014-05-16,299103
2014-05-17,299105
2014-05-18,299107
2014-05-19,299109
2014-05-21,299114
2014-05-22,299117
2014-05-23,299120
2014-05-24,299124
2014-05-25,299126
2014-05-26,299128
2014-05-27,299134
2014-05-28,299139
2014-05-29,299142
2014-05-30,299147
2014-05-31,299153
2014-06-01,299157
2014-06-02,299159
2014-06-03,299162
2014-06-04,299163
2014-06-05,299166
2014-06-06,299168
2014-06-07,299170
2014-06-08,299171
2014-06-09,299175
2014-06-10,299177
2014-06-12,299179
2014-06-13,299181
2014-06-14,299184
2014-06-16,299187
2014-06-17,299191
2014-06-18,299193
2014-06-20,299196
2014-06-21,299200
2014-06-22,299202
2014-06-23,299207
2014-06-24,299208
2014-06-25,299211
2014-06-26,299213
2014-06-27,299217
2014-06-29,299218
2014-06-30,299223
2014-07-01,299225
2014-07-02,299229
2014-07-03,299235
2014-07-04,299238
2014-07-05,299239
2014-07-06,299242
2014-07-07,299244
2014-07-08,299248
2014-07-09,299250
2014-07-10,299256
2014-07-11,299258
2014-07-12,299261
2014-07-13,299262
2014-07-14,299264
2014-07-15,299265
2014-07-16,299270
2014-07-17,299276
2014-07-18,299278
2014-07-19,299280
2014-07-20,299283
2014-07-21,299285
2014-07-22,299290
2014-07-23,299295
2014-07-24,299297
2014-07-25,299301
2014-07-26,299305
2014-07-27,299308
2014-07-28,299310
2014-07-29,299311
2014-07-30,299314
2014-08-01,299319
2014-08-02,299322
2014-08-03,299324
2014-08-04,299327
2014-08-05,299328
2014-08-06,299331
2014-08-08,299336
2014-08-09,299340
2014-08-10,299341
2014-08-11,299343
2014-08-12,299346
2014-08-13,299351
2014-08-14,299352
2014-08-15,299357
2014-08-16,299362
2014-08-17,299363
2014-08-18,299365
2014-08-19,299368
2014-08-20,299372
2014-08-21,299378
2014-08-22,299381
2014-08-23,299382
2014-08-24,299385
2014-08-25,299387
2014-08-26,299390
2014-08-27,299395
2014-08-28,299396
2014-08-29,299400
2014-08-30,299404
2014-08-31,299405
2014-09-01,299407
2014-09-02,299408
2014-09-03,299410
2014-09-04,299412
2014-09-05,299415
2014-09-06,299417
2014-09-07,299419
2014-09-09,299423
2014-09-10,299424
2014-09-11,299428
2014-09-12,299431
2014-09-14,299434
2014-09-15,299436
2014-09-16,299440
2014-09-17,299447
2014-09-18,299448
2014-09-19,299452
2014-09-20,299458
2014-09-21,299459
2014-09-22,299466
2014-09-23,299471
2014-09-24,299473
2014-09-25,299480
2014-09-26,299484
2014-09-28,299487
2014-09-29,299489
2014-09-30,299492
2014-10-01,299500
2014-10-02,299504
2014-10-03,299505
2014-10-04,299507
2014-10-06,299511
2014-10-07,299519
2014-10-08,299521
2014-10-09,299523
2014-10-10,299524
2014-10-11,299529
2014-10-12,299531
2014-10-13,299532
2014-10-14,299535
2014-10-15,299537
2014-10-16,299541
2014-10-17,299545
2014-10-18,299547
2014-10-19,299554
2014-10-20,299572
2014-10-21,299578
2014-10-22,299585
2014-10-23,299591
2014-10-24,299594
2014-10-25,299598
2014-10-26,299600
2014-10-27,299606
2014-10-28,299612
2014-10-30,299614
2014-10-31,299615
2014-11-01,299617
2014-11-02,299620
2014-11-03,299628
2014-11-04,299630
2014-11-05,299634
2014-11-06,299640
2014-11-07,299641
2014-11-08,299647
2014-11-09,299648
2014-11-10,299654
2014-11-11,299657
2014-11-12,299659
2014-11-13,299668
2014-11-14,299672
2014-11-15,299678
2014-11-16,299680
2014-11-17,299685
2014-11-18,299688
2014-11-19,299690
2014-11-20,299694
2014-11-21,299699
2014-11-22,299704
2014-11-23,299709
2014-11-24,299718
2014-11-25,299720
2014-11-27,299722
2014-11-28,299727
2014-11-29,299732
2014-11-30,299733
2014-12-01,299743
2014-12-02,299752
2014-12-03,299759
2014-12-04,299763
2014-12-06,299770
2014-12-07,299771
2014-12-08,299774
2014-12-09,299779
2014-12-10,299785
2014-12-11,299789
2014-12-12,299793
2014-12-13,299797
2014-12-14,299798
2014-12-15,299801
2014-12-16,299811
2014-12-17,299818
2014-12-18,299828
2014-12-19,299834
2014-12-20,299835
2014-12-21,299839
2014-12-22,299841
2014-12-23,299843
2014-12-24,299847
2014-12-25,299849
2014-12-26,299854
2014-12-27,299855
2014-12-28,299856
2014-12-29,299858
2014-12-30,299865
2014-12-31,299867
2015-01-01,299869
2015-01-02,299870
2015-01-03,299875
2015-01-04,299877
2015-01-05,299881
2015-01-06,299885
2015-01-07,299890
2015-01-08,299897
2015-01-09,299902
2015-01-10,299904
2015-01-11,299905
2015-01-12,299908
2015-01-13,299909
2015-01-14,299916
2015-01-15,299921
2015-01-16,299930
2015-01-17,299938
2015-01-18,299942
2015-01-19,299947
2015-01-20,299951
2015-01-21,299953
2015-01-22,299959
2015-01-23,299962
2015-01-24,299968
2015-01-25,299972
2015-01-26,299976
2015-01-27,299978
2015-01-28,299981
2015-01-29,299982
2015-01-30,299987
2015-01-31,299988
2015-02-01,299993
2015-02-02,299995
2015-02-03,300003
2015-02-04,300009
2015-02-05,300014
2015-02-06,300022
2015-02-07,300028
2015-02-08,300036
2015-02-09,300040
2015-02-10,300043
2015-02-11,300047
2015-02-12,300052
2015-02-13,300054
2015-02-14,300058
2015-02-15,300059
2015-02-16,300060
2015-02-17,300065
2015-02-18,300070
2015-02-19,300073
2015-02-20,300076
2015-02-21,300079
2015-02-22,300085
2015-02-23,300091
2015-02-24,300094
2015-02-25,300098
2015-02-26,300106
2015-02-27,300110
2015-02-28,300114
2015-03-01,300115
2015-03-02,300120
2015-03-03,300123
2015-03-04,300130
2015-03-05,300134
2015-03-06,300139
2015-03-07,300142
2015-03-08,300147
2015-03-09,300149
2015-03-10,300151
2015-03-11,300155
2015-03-12,300158
2015-03-13,300166
2015-03-14,300167
2015-03-15,300171
2015-03-16,300175
2015-03-17,300178
2015-03-18,300181
2015-03-19,300188
2015-03-20,300192
2015-03-21,300195
2015-03-22,300200
2015-03-23,300206
2015-03-24,300212
2015-03-25,300217
2015-03-26,300220
2015-03-27,300222
2015-03-28,300224
2015-03-29,300229
2015-03-30,300233
2015-03-31,300238
2015-04-01,300241
2015-04-02,300247
2015-04-03,300250
2015-04-04,300254
2015-04-05,300258
2015-04-06,300262
2015-04-07,300266
2015-04-08,300270
2015-04-09,300272
2015-04-10,300281
2015-04-11,300285
2015-04-12,300286
2015-04-13,300288
2015-04-14,300293
2015-04-15,300299
2015-04-16,300305
2015-04-17,300310
2015-04-18,300313
2015-04-19,300316
2015-04-20,300320
2015-04-21,300324
2015-04-22,300331
2015-04-24,300334
2015-04-25,300338
2015-04-26,300339
2015-04-27,300343
2015-04-28,300348
2015-04-29,300351
2015-04-30,300357
2015-05-01,300359
2015-05-02,300362
2015-05-03,300367
2015-05-04,300370
2015-05-05,300373
2015-05-06,300374
2015-05-07,300378
2015-05-08,300381
2015-05-09,300382
2015-05-10,300384
2015-05-11,300386
2015-05-12,300390
2015-05-13,300393
2015-05-14,300397
2015-05-15,300403
2015-05-16,300405
2015-05-17,300408
2015-05-18,300414
2015-05-19,300420
2015-05-20,300424
2015-05-21,300429
2015-05-22,300431
2015-05-23,300433
2015-05-24,300435
2015-05-25,300436
2015-05-26,300439
2015-05-27,300447
2015-05-28,300452
2015-05-29,300459
2015-05-30,300462
2015-05-31,300465
2015-06-01,300466
2015-06-02,300471
2015-06-03,300472
2015-06-04,300480
2015-06-05,300487
2015-06-06,300491
2015-06-07,300494
2015-06-08,300499
2015-06-09,300503
2015-06-10,300508
2015-06-12,300513
2015-06-13,300515
2015-06-14,300517
2015-06-15,300525
2015-06-16,300529
2015-06-17,300535
2015-06-18,300539
2015-06-19,300542
2015-06-20,300547
2015-06-21,300551
2015-06-22,300553
2015-06-23,300558
2015-06-24,300565
2015-06-25,300568
2015-06-26,300571
2015-06-27,300576
2015-06-28,300580
2015-06-29,300583
2015-06-30,300587
2015-07-01,300588
2015-07-02,300592
2015-07-03,300594
2015-07-04,300599
2015-07-05,300604
2015-07-06,300605
2015-07-07,300608
2015-07-08,300613
2015-07-09,300620
2015-07-10,300628
2015-07-11,300633
2015-07-12,300636
2015-07-13,300646
2015-07-14,300648
2015-07-15,300651
2015-07-16,300655
2015-07-17,300656
2015-07-18,300660
2015-07-19,300662
2015-07-20,300665
2015-07-21,300670
2015-07-22,300673
2015-07-23,300677
2015-07-24,300682
2015-07-25,300684
2015-07-26,300687
2015-07-27,300692
2015-07-28,300699
2015-07-29,300701
2015-07-30,300707
2015-07-31,300715
2015-08-01,300718
2015-08-02,300721
2015-08-03,300722
2015-08-04,300730
2015-08-05,300733
2015-08-06,300738
2015-08-07,300748
2015-08-08,300753
2015-08-09,300754
2015-08-10,300763
2015-08-11,300765
2015-08-12,300775
2015-08-13,300780
2015-08-14,300781
2015-08-15,300785
2015-08-17,300791
2015-08-18,300796
2015-08-19,300799
2015-08-20,300806
2015-08-21,300811
2015-08-22,300814
2015-08-23,300816
2015-08-24,300820
2015-08-25,300821
2015-08-26,300825
2015-08-27,300832
2015-08-28,300834
2015-08-29,300840
2015-08-30,300842
2015-08-31,300845
2015-09-01,300852
2015-09-02,300859
2015-09-03,300865
2015-09-04,300869
2015-09-05,300872
2015-09-06,300876
2015-09-07,300881
2015-09-08,300889
2015-09-09,300893
2015-09-10,300897
2015-09-11,300899
2015-09-12,300905
2015-09-13,300907
2015-09-14,300911
2015-09-15,300917
2015-09-16,300922
2015-09-17,300925
2015-09-18,300928
2015-09-19,300934
2015-09-20,300946
2015-09-21,300956
2015-09-22,300962
2015-09-23,300964
2015-09-24,300971
2015-09-25,300976
2015-09-26,300977
2015-09-27,300981
2015-09-28,300985
2015-09-29,300992
2015-09-30,300993
2015-10-01,300995
2015-10-02,301000
2015-10-03,301006
2015-10-04,301012
2015-10-05,301018
2015-10-06,301020
2015-10-07,301025
2015-10-08,301027
2015-10-09,301031
2015-10-10,301041
2015-10-11,301047
2015-10-12,301051
2015-10-13,301061
2015-10-14,301065
2015-10-15,301070
2015-10-16,301082
2015-10-17,301085
2015-10-18,301087
2015-10-19,301092
2015-10-20,301097
2015-10-21,301103
2015-10-22,301108
2015-10-23,301113
2015-10-24,301114
2015-10-25,301116
2015-10-26,301121
2015-10-27,301126
2015-10-28,301134
2015-10-29,301145
2015-10-30,301148
2015-11-01,301150
2015-11-02,301157
2015-11-03,301164
2015-11-04,301170
2015-11-05,301172
2015-11-06,301175
2015-11-07,301178
2015-11-08,301183
2015-11-09,301186
2015-11-10,301192
2015-11-11,301195
2015-11-12,301199
2015-11-13,301209
2015-11-14,301211
2015-11-15,301212
2015-11-16,301214
2015-11-17,301219
2015-11-18,301231
2015-11-19,301240
2015-11-20,301246
2015-11-21,301249
2015-11-22,301252
2015-11-23,301257
2015-11-24,301262
2015-11-25,301268
2015-11-26,301275
2015-11-27,301285
2015-11-28,301288
2015-11-29,301292
2015-11-30,301301
2015-12-01,301308
2015-12-02,301315
2015-12-03,301325
2015-12-04,301336
2015-12-05,301339
2015-12-06,301344
2015-12-07,301348
2015-12-08,301355
2015-12-09,301361
2015-12-10,301363
2015-12-11,301364
2015-12-12,301368
2015-12-13,301369
2015-12-14,301372
2015-12-16,301379
2015-12-17,301386
2015-12-18,301388
2015-12-19,301391
2015-12-20,301394
2015-12-21,301399
2015-12-22,301400
2015-12-23,301403
2015-12-24,301409
2015-12-25,301414
2015-12-26,301416
2015-12-27,301423
2015-12-28,301426
2015-12-29,301427
2015-12-30,301437
2015-12-31,301438
2016-01-01,301440
2016-01-02,301443
2016-01-03,301445
2016-01-04,301446
2016-01-05,301453
2016-01-06,301456
2016-01-07,301459
2016-01-08,301463
2016-01-10,301464
2016-01-11,301467
2016-01-12,301471
2016-01-13,301474
2016-01-14,301479
2016-01-15,301486
2016-01-17,301491
2016-01-18,301498
2016-01-19,301514
2016-01-20,301522
2016-01-21,301526
2016-01-22,301527
2016-01-23,301530
2016-01-24,301532
2016-01-25,301539
2016-01-26,301543
2016-01-27,301550
2016-01-28,301556
2016-01-29,301561
2016-01-30,301564
2016-01-31,301571
2016-02-01,301575
2016-02-02,301579
2016-02-03,301587
2016-02-04,301592
2016-02-05,301596
2016-02-06,301603
2016-02-07,301604
2016-02-08,301608
2016-02-09,301610
2016-02-10,301611
2016-02-11,301613
2016-02-12,301615
2016-02-13,301619
2016-02-14,301621
2016-02-15,301626
2016-02-16,301634
2016-02-17,301641
2016-02-18,301646
2016-02-19,301649
2016-02-21,301657
2016-02-22,301662
2016-02-23,301670
2016-02-24,301676
2016-02-25,301683
2016-02-26,301687
2016-02-27,301697
2016-02-28,301704
2016-02-29,301709
2016-03-01,301717
2016-03-02,301724
2016-03-03,301733
2016-03-04,301738
2016-03-05,301743
2016-03-06,301747
2016-03-07,301752
2016-03-08,301758
2016-03-09,301767
2016-03-10,301773
2016-03-11,301777
2016-03-12,301781
2016-03-13,301785
2016-03-14,301790
2016-03-15,301793
2016-03-16,301798
2016-03-17,301803
2016-03-18,301806
2016-03-19,301809
2016-03-20,301812
2016-03-21,301819
2016-03-22,301824
2016-03-23,301830
2016-03-24,301838
2016-03-25,301845
2016-03-26,301853
2016-03-27,301859
2016-03-28,301865
2016-03-29,301871
2016-03-30,301879
2016-03-31,301889
2016-04-01,301892
2016-04-02,301895
2016-04-03,301898
2016-04-04,301901
2016-04-05,301905
2016-04-06,301910
2016-04-07,301916
2016-04-08,301926
2016-04-09,301930
2016-04-10,301933
2016-04-11,301938
2016-04-12,301943
2016-04-13,301957
2016-04-14,301962
2016-04-15,301972
2016-04-16,301980
2016-04-17,301983
2016-04-18,301987
2016-04-19,301992
2016-04-20,301996
2016-04-21,302005
2016-04-22,302011
2016-04-23,302017
2016-04-24,302021
2016-04-25,302027
2016-04-26,302035
2016-04-27,302039
2016-04-28,302042
2016-04-29,302048
2016-04-30,302056
2016-05-01,302057
2016-05-02,302063
2016-05-03,302067
2016-05-04,302074
2016-05-05,302079
2016-05-06,302087
2016-05-07,302091
2016-05-08,302099
2016-05-09,302106
2016-05-10,302112
2016-05-11,302124
2016-05-12,302134
2016-05-13,302141
2016-05-14,302145
2016-05-15,302151
2016-05-16,302156
2016-05-17,302161
2016-05-18,302169
2016-05-19,302178
2016-05-20,302185
2016-05-21,302188
2016-05-22,302190
2016-05-23,302199
2016-05-24,302204
2016-05-25,302213
2016-05-26,302221
2016-05-27,302225
2016-05-28,302229
2016-05-29,302233
2016-05-30,302246
2016-05-31,302254
2016-06-01,302261
2016-06-02,302268
2016-06-03,302275
2016-06-04,302278
2016-06-05,302285
2016-06-06,302288
2016-06-07,302291
2016-06-08,302301
2016-06-09,302309
2016-06-10,302312
2016-06-11,302317
2016-06-12,302323
2016-06-13,302331
2016-06-14,302339
2016-06-15,302346
2016-06-16,302352
2016-06-17,302360
2016-06-18,302365
2016-06-19,302370
2016-06-20,302376
2016-06-21,302383
2016-06-22,302388
2016-06-23,302390
2016-06-24,302396
2016-06-25,302401
2016-06-26,302403
2016-06-27,302407
2016-06-28,302412
2016-06-29,302418
2016-06-30,302424
2016-07-01,302429
2016-07-02,302431
2016-07-03,302434
2016-07-04,302436
2016-07-05,302446
2016-07-06,302450
2016-07-07,302459
2016-07-08,302464
2016-07-09,302468
2016-07-10,302473
2016-07-11,302483
2016-07-12,302491
2016-07-13,302499
2016-07-14,302510
2016-07-15,302518
2016-07-16,302523
2016-07-17,302526
2016-07-18,302534
2016-07-19,302539
2016-07-20,302549
2016-07-21,302560
2016-07-22,302566
2016-07-23,302568
2016-07-24,302575
2016-07-25,302580
2016-07-26,302593
2016-07-27,302596
2016-07-28,302603
2016-07-29,302606
2016-07-30,302609
2016-07-31,302612
2016-08-01,302621
2016-08-02,302622
2016-08-03,302629
2016-08-04,302639
2016-08-05,302644
2016-08-06,302650
2016-08-07,302656
2016-08-08,302664
2016-08-09,302675
2016-08-10,302679
2016-08-11,302681
2016-08-12,302687
2016-08-13,302696
2016-08-14,302699
2016-08-15,302712
2016-08-16,302717
2016-08-17,302724
2016-08-18,302731
2016-08-19,302736
2016-08-20,302739
2016-08-21,302743
2016-08-22,302754
2016-08-23,302764
2016-08-24,302768
2016-08-25,302777
2016-08-26,302784
2016-08-27,302785
2016-08-28,302790
2016-08-29,302797
2016-08-30,302804
2016-08-31,302808
2016-09-01,302811
2016-09-02,302815
2016-09-03,302819
2016-09-04,302822
2016-09-05,302825
2016-09-06,302827
2016-09-07,302833
2016-09-08,302841
2016-09-09,302849
2016-09-10,302852
2016-09-11,302856
2016-09-12,302862
2016-09-13,302867
2016-09-14,302875
2016-09-15,302884
2016-09-16,302885
2016-09-17,302887
2016-09-18,302888
2016-09-19,302892
2016-09-20,302897
2016-09-21,302904
2016-09-22,302908
2016-09-23,302914
2016-09-24,302918
2016-09-25,302924
2016-09-26,302935
2016-09-27,302944
2016-09-28,302949
2016-09-29,302953
2016-09-30,302960
2016-10-01,302963
2016-10-02,302967
2016-10-03,302977
2016-10-04,302987
2016-10-05,302993
2016-10-06,303005
2016-10-07,303017
2016-10-08,303026
2016-10-09,303029
2016-10-10,303033
2016-10-11,303039
2016-10-12,303047
2016-10-13,303048
2016-10-14,303056
2016-10-15,303061
2016-10-16,303065
2016-10-17,303071
2016-10-18,303078
2016-10-19,303086
2016-10-20,303100
2016-10-21,303107
2016-10-22,303109
2016-10-23,303115
2016-10-24,303123
2016-10-25,303133
2016-10-26,303142
2016-10-27,303149
2016-10-28,303155
2016-10-29,303163
2016-10-30,303164
2016-10-31,303169
2016-11-01,303179
2016-11-02,303185
2016-11-03,303193
2016-11-04,303201
2016-11-05,303202
2016-11-06,303203
2016-11-07,303209
2016-11-08,303214
2016-11-09,303217
2016-11-10,303224
2016-11-11,303229
2016-11-12,303231
2016-11-13,303234
2016-11-14,303245
2016-11-15,303253
2016-11-16,303254
2016-11-17,303261
2016-11-18,303268
2016-11-19,303275
2016-11-20,303280
2016-11-21,303286
2016-11-22,303292
2016-11-23,303305
2016-11-24,303313
2016-11-25,303315
2016-11-26,303318
2016-11-27,303324
2016-11-28,303336
2016-11-29,303342
2016-11-30,303350
2016-12-01,303361
2016-12-02,303369
2016-12-03,303372
2016-12-04,303374
2016-12-05,303379
2016-12-06,303385
2016-12-07,303390
2016-12-08,303391
2016-12-09,303396
2016-12-10,303401
2016-12-11,303407
2016-12-12,303413
2016-12-13,303415
2016-12-14,303424
2016-12-15,303427
2016-12-16,303434
2016-12-17,303437
2016-12-18,303443
2016-12-19,303451
2016-12-20,303460
2016-12-21,303463
2016-12-22,303471
2016-12-23,303478
2016-12-24,303482
2016-12-25,303489
2016-12-26,303490
2016-12-27,303505
2016-12-28,303510
2016-12-29,303518
2016-12-30,303613
2016-12-31,303669
2017-01-01,303722
2017-01-02,303753
2017-01-03,303777
2017-01-04,303800
2017-01-05,303822
2017-01-06,303836
2017-01-07,303847
2017-01-08,303851
2017-01-09,303868
2017-01-10,303878
2017-01-11,303890
2017-01-12,303896
2017-01-13,303906
2017-01-14,303913
2017-01-15,303921
2017-01-16,303932
2017-01-17,303945
2017-01-18,303955
2017-01-19,303972
2017-01-20,303999
2017-01-21,304024
2017-01-22,304037
2017-01-23,304058
2017-01-24,304073
2017-01-25,304086
2017-01-26,304097
2017-01-27,304110
2017-01-28,304119
2017-01-29,304128
2017-01-30,304143
2017-01-31,304154
2017-02-01,304162
2017-02-02,304174
2017-02-03,304189
2017-02-04,304198
2017-02-05,304204
2017-02-06,304211
2017-02-07,304220
2017-02-08,304231
2017-02-09,304241
2017-02-10,304251
2017-02-11,304256
2017-02-12,304265
2017-02-13,304274
2017-02-14,304287
2017-02-15,304294
2017-02-16,304300
2017-02-17,304309
2017-02-18,304313
2017-02-19,304321
2017-02-20,304334
2017-02-21,304350
2017-02-22,304362
2017-02-23,304376
2017-02-24,304387
2017-02-25,304394
2017-02-26,304407
2017-02-27,304420
2017-02-28,304437
2017-03-01,304450
2017-03-02,304461
2017-03-03,304471
2017-03-04,304486
2017-03-05,304504
2017-03-06,304512
2017-03-07,304525
2017-03-08,304534
2017-03-09,304550
2017-03-10,304563
2017-03-11,304567
2017-03-12,304576
2017-03-13,304591
2017-03-14,304598
2017-03-15,304608
2017-03-16,304614
2017-03-17,304627
2017-03-18,304631
2017-03-19,304639
2017-03-20,304653
2017-03-21,304663
2017-03-22,304677
2017-03-23,304686
2017-03-24,304701
2017-03-25,304714
2017-03-26,304721
2017-03-27,304729
2017-03-28,304748
2017-03-29,304770
2017-03-30,304830
2017-03-31,304850
2017-04-01,304859
2017-04-02,304869
2017-04-03,304879
2017-04-04,304890
2017-04-05,304900
2017-04-06,304912
2017-04-07,304920
2017-04-08,304933
2017-04-09,304942
2017-04-10,304958
2017-04-11,304967
2017-04-12,304980
2017-04-13,304995
2017-04-14,305008
2017-04-15,305017
2017-04-16,305026
2017-04-17,305034
2017-04-18,305046
2017-04-19,305058
2017-04-20,305070
2017-04-21,305080
2017-04-22,305086
2017-04-23,305095
2017-04-24,305102
2017-04-25,305111
2017-04-26,305121
2017-04-27,305134
2017-04-28,305145
2017-04-29,305153
2017-04-30,305159
2017-05-01,305166
2017-05-02,305177
2017-05-03,305189
2017-05-04,305204
2017-05-05,305217
2017-05-06,305230
2017-05-07,305239
2017-05-08,305258
2017-05-09,305267
2017-05-10,305279
2017-05-11,305290
2017-05-12,305297
2017-05-13,305305
2017-05-14,305307
2017-05-15,305325
2017-05-16,305332
2017-05-17,305342
2017-05-18,305352
2017-05-19,305360
2017-05-20,305369
2017-05-21,305374
2017-05-22,305386
2017-05-23,305402
2017-05-24,305415
2017-05-25,305426
2017-05-26,305434
2017-05-27,305442
2017-05-28,305446
2017-05-29,305457
2017-05-30,305466
2017-05-31,305475
2017-06-01,305492
2017-06-02,305497
2017-06-03,305500
2017-06-04,305510
2017-06-05,305520
2017-06-06,305527
2017-06-07,305538
2017-06-08,305545
2017-06-09,305557
2017-06-10,305569
2017-06-11,305572
2017-06-12,305581
2017-06-13,305593
2017-06-14,305602
2017-06-15,305614
2017-06-16,305619
2017-06-17,305626
2017-06-18,305630
2017-06-19,305634
2017-06-20,305646
2017-06-21,305656
2017-06-22,305668
2017-06-23,305676
2017-06-24,305679
2017-06-25,305681
2017-06-26,305688
2017-06-27,305694
2017-06-28,305706
2017-06-29,305719
2017-06-30,305754
2017-07-01,305778
2017-07-02,305787
2017-07-03,305795
2017-07-04,305805
2017-07-05,305816
2017-07-06,305831
2017-07-07,305846
2017-07-08,305853
2017-07-09,305858
2017-07-10,305868
2017-07-11,305886
2017-07-12,305899
2017-07-13,305908
2017-07-14,305921
2017-07-15,305934
2017-07-16,305947
2017-07-17,305961
2017-07-18,305978
2017-07-19,305990
2017-07-20,305999
2017-07-21,306012
2017-07-22,306018
2017-07-23,306027
2017-07-24,306034
2017-07-25,306044
2017-07-26,306052
2017-07-27,306066
2017-07-28,306072
2017-07-29,306082
2017-07-30,306089
2017-07-31,306097
2017-08-01,306113
2017-08-02,306120
2017-08-03,306130
2017-08-04,306135
2017-08-05,306143
2017-08-06,306150
2017-08-07,306155
2017-08-08,306167
2017-08-09,306176
2017-08-10,306187
2017-08-11,306198
2017-08-12,306206
2017-08-13,306213
2017-08-14,306219
2017-08-15,306229
2017-08-16,306242
2017-08-17,306250
2017-08-18,306259
2017-08-19,306266
2017-08-20,306272
2017-08-21,306281
2017-08-22,306296
2017-08-23,306301
2017-08-24,306314
2017-08-25,306322
2017-08-26,306325
2017-08-27,306333
2017-08-28,306345
2017-08-29,306354
2017-08-30,306359
2017-08-31,306366
2017-09-01,306375
2017-09-02,306376
2017-09-03,306381
2017-09-04,306396
2017-09-05,306407
2017-09-06,306426
2017-09-07,306440
2017-09-08,306446
2017-09-09,306457
2017-09-10,306463
2017-09-11,306468
2017-09-12,306478
2017-09-13,306486
2017-09-14,306500
2017-09-15,306521
2017-09-16,306534
2017-09-17,306544
2017-09-18,306559
2017-09-19,306576
2017-09-20,306592
2017-09-21,306599
2017-09-22,306610
2017-09-23,306617
2017-09-24,306622
2017-09-25,306631
2017-09-26,306646
2017-09-27,306661
2017-09-28,306676
2017-09-29,306687
2017-09-30,306695
2017-10-01,306707
2017-10-02,306714
2017-10-03,306722
2017-10-04,306733
2017-10-05,306742
2017-10-06,306749
2017-10-07,306750
2017-10-08,306754
2017-10-09,306759
2017-10-10,306775
2017-10-11,306798
2017-10-12,306823
2017-10-13,306852
2017-10-14,306869
2017-10-15,306879
2017-10-16,306887
2017-10-17,306905
2017-10-18,306920
2017-10-19,306935
2017-10-20,306950
2017-10-21,306968
2017-10-22,306981
2017-10-23,306992
2017-10-24,307009
2017-10-25,307025
2017-10-26,307046
2017-10-27,307066
2017-10-28,307078
2017-10-29,307092
2017-10-30,307112
2017-10-31,307133
2017-11-01,307150
2017-11-02,307169
2017-11-03,307191
2017-11-04,307201
2017-11-05,307208
2017-11-06,307227
2017-11-07,307238
2017-11-08,307255
2017-11-09,307275
2017-11-10,307281
2017-11-11,307286
2017-11-12,307295
2017-11-13,307314
2017-11-14,307326
2017-11-15,307334
2017-11-16,307346
2017-11-17,307362
2017-11-18,307374
2017-11-19,307381
2017-11-20,307397
2017-11-21,307411
2017-11-22,307418
2017-11-23,307429
2017-11-24,307440
2017-11-25,307446
2017-11-26,307453
2017-11-27,307468
2017-11-28,307478
2017-11-29,307485
2017-11-30,307501
2017-12-01,307515
2017-12-02,307527
2017-12-03,307537
2017-12-04,307545
2017-12-05,307566
2017-12-06,307579
2017-12-07,307593
2017-12-08,307610
2017-12-09,307624
2017-12-10,307636
2017-12-11,307650
2017-12-12,307660
2017-12-13,307677
2017-12-14,307692
2017-12-15,307701
2017-12-16,307707
2017-12-17,307715
2017-12-18,307723
2017-12-19,307736
2017-12-20,307750
2017-12-21,307764
2017-12-22,307774
2017-12-23,307782
2017-12-24,307794
2017-12-25,307804
2017-12-26,307829
2017-12-27,307859
2017-12-28,307873
2017-12-29,307891
2017-12-30,307897
2017-12-31,307905
2018-01-01,307910
2018-01-02,307925
2018-01-03,307946
2018-01-04,307957
2018-01-05,307967
2018-01-06,307970
2018-01-07,307978
2018-01-08,307989
2018-01-09,308003
2018-01-10,308018
2018-01-11,308035
2018-01-12,308057
2018-01-13,308068
2018-01-14,308080
2018-01-15,308090
2018-01-16,308107
2018-01-17,308123
2018-01-18,308140
2018-01-19,308157
2018-01-20,308172
2018-01-21,308185
2018-01-22,308203
2018-01-23,308215
2018-01-24,308230
2018-01-25,308246
2018-01-26,308261
2018-01-27,308273
2018-01-28,308283
2018-01-29,308300
2018-01-30,308313
2018-01-31,308323
2018-02-01,308341
2018-02-02,308347
2018-02-03,308352
2018-02-04,308364
2018-02-05,308378
2018-02-06,308388
2018-02-07,308405
2018-02-08,308418
2018-02-09,308427
2018-02-10,308438
2018-02-11,308454
2018-02-12,308461
2018-02-13,308476
2018-02-14,308486
2018-02-15,308493
2018-02-16,308501
2018-02-17,308511
2018-02-18,308530
2018-02-19,308542
2018-02-20,308559
2018-02-21,308576
2018-02-22,308582
2018-02-23,308594
2018-02-24,308613
2018-02-25,308634
2018-02-26,308651
2018-02-27,308669
2018-02-28,308684
2018-03-01,308702
2018-03-02,308715
2018-03-03,308728
2018-03-04,308736
2018-03-05,308761
2018-03-06,308794
2018-03-07,308821
2018-03-08,308838
2018-03-09,308854
2018-03-10,308906
2018-03-11,308939
2018-03-12,308951
2018-03-13,308971
2018-03-14,308989
2018-03-15,309004
2018-03-16,309025
2018-03-17,309038
2018-03-18,309056
2018-03-19,309080
2018-03-20,309091
2018-03-21,309103
2018-03-22,309109
2018-03-23,309119
2018-03-24,309126
2018-03-25,309130
2018-03-26,309144
2018-03-27,309153
2018-03-28,309171
2018-03-29,309189
2018-03-30,309194
2018-03-31,309209
2018-04-01,309221
2018-04-02,309238
2018-04-03,309246
2018-04-04,309261
2018-04-05,309276
2018-04-06,309287
2018-04-07,309295
2018-04-08,309304
2018-04-09,309312
2018-04-10,309326
2018-04-11,309335
2018-04-12,309343
2018-04-13,309354
2018-04-14,309366
2018-04-15,309380
2018-04-16,309397
2018-04-17,309410
2018-04-18,309432
2018-04-19,309447
2018-04-20,309456
2018-04-21,309464
2018-04-22,309475
2018-04-23,309491
2018-04-24,309505
2018-04-25,309520
2018-04-26,309536
2018-04-27,309555
2018-04-28,309563
2018-04-29,309576
2018-04-30,309596
2018-05-01,309613
2018-05-02,309623
2018-05-03,309642
2018-05-04,309663
2018-05-05,309675
2018-05-06,309683
2018-05-07,309701
2018-05-08,309720
2018-05-09,309732
2018-05-10,309755
2018-05-11,309770
2018-05-12,309774
2018-05-13,309786
2018-05-14,309801
2018-05-15,309821
2018-05-16,309838
2018-05-17,309854
2018-05-18,309859
2018-05-19,309871
2018-05-20,309880
2018-05-21,309897
2018-05-22,309909
2018-05-23,309933
2018-05-24,309953
2018-05-25,309969
2018-05-26,309978
2018-05-27,309983
2018-05-28,309993
2018-05-29,310006
2018-05-30,310019
2018-05-31,310036
2018-06-01,310048
2018-06-02,310054
2018-06-03,310059
2018-06-04,310078
2018-06-05,310094
2018-06-06,310117
2018-06-07,310138
2018-06-08,310149
2018-06-09,310157
2018-06-10,310170
2018-06-11,310194
2018-06-12,310209
2018-06-13,310219
2018-06-14,310234
2018-06-15,310251
2018-06-16,310255
2018-06-17,310263
2018-06-18,310273
2018-06-19,310288
2018-06-20,310300
2018-06-21,310309
2018-06-22,310319
2018-06-23,310337
2018-06-24,310345
2018-06-25,310355
2018-06-26,310370
2018-06-27,310392
2018-06-28,310406
2018-06-29,310415
2018-06-30,310423
2018-07-01,310431
2018-07-02,310446
2018-07-03,310459
2018-07-04,310470
2018-07-05,310486
2018-07-06,310503
2018-07-07,310507
2018-07-08,310514
2018-07-09,310530
2018-07-10,310543
2018-07-11,310554
2018-07-12,310573
2018-07-13,310587
2018-07-14,310607
2018-07-15,310624
2018-07-16,310636
2018-07-17,310657
2018-07-18,310673
2018-07-19,310693
2018-07-20,310702
2018-07-21,310706
2018-07-22,310715
2018-07-23,310732
2018-07-24,310749
2018-07-25,310779
2018-07-26,310797
2018-07-27,310806
2018-07-28,310811
2018-07-29,310819
2018-07-30,310832
2018-07-31,310843
2018-08-01,310861
2018-08-02,310887
2018-08-03,310905
2018-08-04,310911
2018-08-05,310926
2018-08-06,310938
2018-08-07,310950
2018-08-08,310973
2018-08-09,310983
2018-08-10,311000
2018-08-11,311012
2018-08-12,311018
2018-08-13,311031
2018-08-14,311049
2018-08-15,311079
2018-08-16,311097
2018-08-17,311110
2018-08-18,311120
2018-08-19,311139
2018-08-20,311151
2018-08-21,311168
2018-08-22,311187
2018-08-23,311205
2018-08-24,311217
2018-08-25,311228
2018-08-26,311244
2018-08-27,311264
2018-08-28,311278
2018-08-29,311292
2018-08-30,311309
2018-08-31,311322
2018-09-01,311332
2018-09-02,311345
2018-09-03,311359
2018-09-04,311372
2018-09-05,311382
2018-09-06,311390
2018-09-07,311404
2018-09-08,311412
2018-09-09,311420
2018-09-10,311434
2018-09-11,311459
2018-09-12,311471
2018-09-13,311486
2018-09-14,311505
2018-09-15,311512
2018-09-16,311519
2018-09-17,311531
2018-09-18,311549
2018-09-19,311556
2018-09-20,311563
2018-09-21,311574
2018-09-22,311582
2018-09-23,311597
2018-09-24,311616
2018-09-25,311633
2018-09-26,311643
2018-09-27,311659
2018-09-28,311669
2018-09-29,311676
2018-09-30,311684
2018-10-01,311711
2018-10-02,311739
2018-10-03,311756
2018-10-04,311765
2018-10-05,311775
2018-10-06,311785
2018-10-07,311793
2018-10-08,311806
2018-10-09,311828
2018-10-10,311846
2018-10-11,311860
2018-10-12,311876
2018-10-13,311892
2018-10-14,311906
2018-10-15,311923
2018-10-16,311936
2018-10-17,311956
2018-10-18,311965
2018-10-19,311976
2018-10-20,311979
2018-10-21,311990
2018-10-22,312004
2018-10-23,312018
2018-10-24,312027
2018-10-25,312044
2018-10-26,312057
2018-10-27,312071
2018-10-28,312082
2018-10-29,312098
2018-10-30,312110
2018-10-31,312128
2018-11-01,312171
2018-11-02,312205
2018-11-03,312218
2018-11-04,312227
2018-11-05,312244
2018-11-06,312253
2018-11-07,312270
2018-11-08,312280
2018-11-09,312295
2018-11-10,312305
2018-11-11,312311
2018-11-12,312324
2018-11-13,312341
2018-11-14,312362
2018-11-15,312378
2018-11-16,312390
2018-11-17,312402
2018-11-18,312412
2018-11-19,312430
2018-11-20,312451
2018-11-21,312471
2018-11-22,312498
2018-11-23,312515
2018-11-24,312534
2018-11-25,312551
2018-11-26,312568
2018-11-27,312593
2018-11-28,312617
2018-11-29,312631
2018-11-30,312655
2018-12-01,312665
2018-12-02,312679
2018-12-03,312694
2018-12-04,312715
2018-12-05,312735
2018-12-06,312748
2018-12-07,312767
2018-12-08,312777
2018-12-09,312783
2018-12-10,312794
2018-12-11,312805
2018-12-12,312818
2018-12-13,312840
2018-12-14,312853
2018-12-15,312864
2018-12-16,312879
2018-12-17,312897
2018-12-18,312910
2018-12-19,312926
2018-12-20,312938
2018-12-21,312944
2018-12-22,312958
2018-12-23,312966
2018-12-24,312981
2018-12-25,312996
2018-12-26,313009
2018-12-27,313032
2018-12-28,313063
2018-12-29,313075
2018-12-30,313084
2018-12-31,313092
2019-01-01,313096
2019-01-02,313110
2019-01-03,313124
2019-01-04,313134
2019-01-05,313140
2019-01-06,313147
2019-01-07,313157
2019-01-08,313171
2019-01-09,313188
2019-01-10,313201
2019-01-11,313210
2019-01-12,313215
2019-01-13,313224
2019-01-14,313236
2019-01-15,313247
2019-01-16,313258
2019-01-17,313274
2019-01-18,313290
2019-01-19,313299
2019-01-20,313306
2019-01-21,313319
2019-01-22,313328
2019-01-23,313345
2019-01-24,313362
2019-01-25,313382
2019-01-26,313393
2019-01-27,313404
2019-01-28,313418
2019-01-29,313432
2019-01-30,313445
2019-01-31,313461
2019-02-01,313476
2019-02-02,313489
2019-02-03,313502
2019-02-04,313511
2019-02-05,313522
2019-02-06,313533
2019-02-07,313549
2019-02-08,313561
2019-02-09,313565
2019-02-10,313578
2019-02-11,313594
2019-02-12,313611
2019-02-13,313627
2019-02-14,313640
2019-02-15,313651
2019-02-16,313662
2019-02-17,313673
2019-02-18,313685
2019-02-19,313704
2019-02-20,313717
2019-02-21,313729
2019-02-22,313752
2019-02-23,313763
2019-02-24,313771
2019-02-25,313783
2019-02-26,313801
2019-02-27,313823
2019-02-28,313844
2019-03-01,313849
2019-03-02,313859
2019-03-03,313872
2019-03-04,313884
2019-03-05,313897
2019-03-06,313911
2019-03-07,313927
2019-03-08,313943
2019-03-09,313953
2019-03-10,313968
2019-03-11,313981
2019-03-12,313998
2019-03-13,314011
2019-03-14,314022
2019-03-15,314038
2019-03-16,314046
2019-03-17,314053
2019-03-18,314069
2019-03-19,314086
2019-03-20,314103
2019-03-21,314113
2019-03-22,314130
2019-03-23,314141
2019-03-24,314152
2019-03-25,314173
2019-03-26,314191
2019-03-27,314209
2019-03-28,314230
2019-03-29,314246
2019-03-30,314254
2019-03-31,314267
2019-04-01,314290
2019-04-02,314303
2019-04-03,314313
2019-04-04,314325
2019-04-05,314338
2019-04-06,314344
2019-04-07,314353
2019-04-08,314365
2019-04-09,314383
2019-04-10,314400
2019-04-11,314416
2019-04-12,314430
2019-04-13,314455
2019-04-14,314483
2019-04-15,314498
2019-04-16,314517
2019-04-17,314528
2019-04-18,314557
2019-04-19,314582
2019-04-20,314588
2019-04-21,314599
2019-04-22,314616
2019-04-23,314633
2019-04-24,314655
2019-04-25,314675
2019-04-26,314714
2019-04-27,314733
2019-04-28,314744
2019-04-29,314757
2019-04-30,314771
2019-05-01,314778
2019-05-02,314793
2019-05-03,314803
2019-05-04,314813
2019-05-05,314822
2019-05-06,314853
2019-05-07,314875
2019-05-08,314894
2019-05-09,314916
2019-05-10,314930
2019-05-11,314942
2019-05-12,314966
2019-05-13,314981
2019-05-14,314995
2019-05-15,315004
2019-05-16,315019
2019-05-17,315029
2019-05-18,315042
2019-05-19,315051
2019-05-20,315073
2019-05-21,315093
2019-05-22,315105
2019-05-23,315121
2019-05-24,315134
2019-05-25,315146
2019-05-26,315165
2019-05-27,315183
2019-05-28,315196
2019-05-29,315207
2019-05-30,315223
2019-05-31,315224
2019-06-01,315231
2019-06-02,315239
2019-06-03,315255
2019-06-04,315271
2019-06-05,315288
2019-06-06,315302
2019-06-07,315311
2019-06-08,315320
2019-06-09,315334
2019-06-10,315346
2019-06-11,315362
2019-06-12,315377
2019-06-13,315389
2019-06-14,315403
2019-06-15,315412
2019-06-16,315419
2019-06-17,315441
2019-06-18,315454
2019-06-19,315469
2019-06-20,315491
2019-06-21,315506
2019-06-22,315517
2019-06-23,315525
2019-06-24,315542
2019-06-25,315557
2019-06-26,315574
2019-06-27,315584
2019-06-28,315596
2019-06-29,315607
2019-06-30,315619
2019-07-01,315639
2019-07-02,315652
2019-07-03,315672
2019-07-04,315685
2019-07-05,315699
2019-07-06,315710
2019-07-07,315717
2019-07-08,315724
2019-07-09,315740
2019-07-10,315757
2019-07-11,315775
2019-07-12,315791
2019-07-13,315802
2019-07-14,315820
2019-07-15,315838
2019-07-16,315860
2019-07-17,315876
2019-07-18,315887
2019-07-19,315910
2019-07-20,315923
2019-07-21,315936
2019-07-22,315951
2019-07-23,315978
2019-07-24,315992
2019-07-25,316003
2019-07-26,316021
2019-07-27,316027
2019-07-28,316038
2019-07-29,316047
2019-07-30,316068
2019-07-31,316088
2019-08-01,316105
2019-08-02,316123
2019-08-03,316140
2019-08-04,316153
2019-08-05,316166
2019-08-06,316184
2019-08-07,316202
2019-08-08,316215
2019-08-09,316234
2019-08-10,316241
2019-08-11,316249
2019-08-12,316270
2019-08-13,316290
2019-08-14,316305
2019-08-15,316317
2019-08-16,316328
2019-08-17,316339
2019-08-18,316347
2019-08-19,316357
2019-08-20,316372
2019-08-21,316388
2019-08-22,316399
2019-08-23,316417
2019-08-24,316424
2019-08-25,316439
2019-08-26,316463
2019-08-27,316489
2019-08-28,316508
2019-08-29,316528
2019-08-30,316539
2019-08-31,316545
2019-09-01,316558
2019-09-02,316595
2019-09-03,316625
2019-09-04,316647
2019-09-05,316664
2019-09-06,316678
2019-09-07,316689
2019-09-08,316702
2019-09-09,316715
2019-09-10,316730
2019-09-11,316741
2019-09-12,316754
2019-09-13,316764
2019-09-14,316769
2019-09-15,316775
2019-09-16,316791
2019-09-17,316800
2019-09-18,316819
2019-09-19,316834
2019-09-20,316846
2019-09-21,316852
2019-09-22,316862
2019-09-23,316879
2019-09-24,316889
2019-09-25,316909
2019-09-26,316919
2019-09-27,316940
2019-09-28,316950
2019-09-29,316958
2019-09-30,316969
2019-10-01,316985
2019-10-02,317019
2019-10-03,317090
2019-10-04,317114
2019-10-05,317124
2019-10-06,317140
2019-10-07,317152
2019-10-08,317175
2019-10-09,317197
2019-10-10,317209
2019-10-11,317229
2019-10-12,317245
2019-10-13,317262
2019-10-14,317286
2019-10-15,317304
2019-10-16,317315
2019-10-17,317333
2019-10-18,317347
2019-10-19,317357
2019-10-20,317369
2019-10-21,317387
2019-10-22,317404
2019-10-23,317419
2019-10-24,317434
2019-10-25,317452
2019-10-26,317461
2019-10-27,317472
2019-10-28,317494
2019-10-29,317517
2019-10-30,317537
2019-10-31,317548
2019-11-01,317561
2019-11-02,317567
2019-11-03,317581
2019-11-04,317600
2019-11-05,317609
2019-11-06,317625
2019-11-07,317644
2019-11-08,317704
2019-11-09,317720
2019-11-10,317739
2019-11-11,317755
2019-11-12,317780
2019-11-13,317791
2019-11-14,317798
2019-11-15,317809
2019-11-16,317817
2019-11-17,317825
2019-11-18,317831
2019-11-19,317845
2019-11-20,317861
2019-11-21,317874
2019-11-22,317886
2019-11-23,317895
2019-11-24,317904
2019-11-25,317914
2019-11-26,317926
2019-11-27,317944
2019-11-28,317955
2019-11-29,317966
2019-11-30,317978
2019-12-01,317986
2019-12-02,318003
2019-12-03,318018
2019-12-04,318032
2019-12-05,318047
2019-12-06,318062
2019-12-07,318067
2019-12-08,318082
2019-12-09,318095
2019-12-10,318107
2019-12-11,318123
2019-12-12,318136
2019-12-13,318150
2019-12-14,318163
2019-12-15,318171
2019-12-16,318184
2019-12-17,318194
2019-12-18,318208
2019-12-19,318220
2019-12-20,318232
2019-12-21,318242
2019-12-22,318250
2019-12-23,318262
2019-12-24,318272
2019-12-25,318290
2019-12-26,318300
2019-12-27,318306
2019-12-28,318313
2019-12-29,318319
2019-12-30,318328
2019-12-31,318340
2020-01-01,318350
2020-01-02,318362
2020-01-03,318373
2020-01-04,318391
2020-01-05,318401
2020-01-06,318417
2020-01-07,318425
2020-01-08,318442
2020-01-09,318457
2020-01-10,318478
2020-01-11,318489
2020-01-12,318506
2020-01-13,318517
2020-01-14,318539
2020-01-15,318552
2020-01-16,318562
2020-01-17,318577
2020-01-18,318588
2020-01-19,318599
2020-01-20,318609
2020-01-21,318624
2020-01-22,318633
2020-01-23,318650
2020-01-24,318667
2020-01-25,318686
2020-01-26,318698
2020-01-27,318717
2020-01-28,318738
2020-01-29,318752
2020-01-30,318784
2020-01-31,318805
2020-02-01,318822
2020-02-02,318835
2020-02-03,318850
2020-02-04,318872
2020-02-05,318896
2020-02-06,318918
2020-02-07,318945
2020-02-08,318959
2020-02-09,318971
2020-02-10,318988
2020-02-11,319010
2020-02-12,319028
2020-02-13,319048
2020-02-14,319061
2020-02-15,319072
2020-02-16,319087
2020-02-17,319100
2020-02-18,319120
2020-02-19,319137
2020-02-20,319152
2020-02-21,319170
2020-02-22,319186
2020-02-23,319202
2020-02-24,319215
2020-02-25,319235
2020-02-26,319253
2020-02-27,319265
2020-02-28,319280
2020-02-29,319286
2020-03-01,319302
2020-03-02,319312
2020-03-03,319334
2020-03-04,319356
2020-03-05,319372
2020-03-06,319390
2020-03-07,319403
2020-03-08,319415
2020-03-09,319435
2020-03-10,319450
2020-03-11,319460
2020-03-12,319472
2020-03-13,319484
2020-03-14,319496
2020-03-15,319510
2020-03-16,319518
2020-03-17,319530
2020-03-18,319542
2020-03-19,319560
2020-03-20,319570
2020-03-21,319583
2020-03-22,319596
2020-03-23,319606
2020-03-24,319620
2020-03-25,319631
2020-03-26,319641
2020-03-27,319653
2020-03-28,319670
2020-03-29,319693
2020-03-30,319706
2020-03-31,319722
2020-04-01,319736
2020-04-02,319749
2020-04-03,319767
2020-04-04,319784
2020-04-05,319805
2020-04-06,319816
2020-04-07,319826
2020-04-08,319842
2020-04-09,319859
2020-04-10,319881
2020-04-11,319898
2020-04-12,319913
2020-04-13,319930
2020-04-14,319950
2020-04-15,319963
2020-04-16,319980
2020-04-17,319997
2020-04-18,320016
2020-04-19,320029
2020-04-20,320048
2020-04-21,320067
2020-04-22,320086
2020-04-23,320101
2020-04-24,320120
2020-04-25,320138
2020-04-26,320155
2020-04-27,320172
2020-04-28,320186
2020-04-29,320204
2020-04-30,320219
2020-05-01,320231
2020-05-02,320253
2020-05-03,320272
2020-05-04,320295
2020-05-05,320320
2020-05-06,320342
2020-05-07,320367
2020-05-08,320385
2020-05-09,320396
2020-05-10,320416
2020-05-11,320432
2020-05-12,320453
2020-05-13,320470
2020-05-14,320495
2020-05-15,320515
2020-05-16,320532
2020-05-17,320546
2020-05-18,320558
2020-05-19,320573
2020-05-20,320593
2020-05-21,320609
2020-05-22,320628
2020-05-23,320639
2020-05-24,320654
2020-05-25,320668
2020-05-26,320684
2020-05-27,320700
2020-05-28,320719
2020-05-29,320732
2020-05-30,320744
2020-05-31,320762
2020-06-01,320779
2020-06-02,320801
2020-06-03,320821
2020-06-04,320833
2020-06-05,320847
2020-06-06,320860
2020-06-07,320873
2020-06-08,320886
2020-06-09,320902
2020-06-10,320920
2020-06-11,320934
2020-06-12,320949
2020-06-13,320959
2020-06-14,320971
2020-06-15,320986
2020-06-16,321002
2020-06-17,321012
2020-06-18,321023
2020-06-19,321035
2020-06-20,321044
2020-06-21,321064
2020-06-22,321075
2020-06-23,321092
2020-06-24,321103
2020-06-25,321116
2020-06-26,321125
2020-06-27,321132
2020-06-28,321146
2020-06-29,321164
2020-06-30,321171
2020-07-01,321182
2020-07-02,321193
2020-07-03,321205
2020-07-04,321220
2020-07-05,321232
2020-07-06,321252
2020-07-07,321272
2020-07-08,321284
2020-07-09,321297
2020-07-10,321305
2020-07-11,321319
2020-07-12,321335
2020-07-13,321341
2020-07-14,321349
2020-07-15,321370
2020-07-16,321385
2020-07-17,321402
2020-07-18,321417
2020-07-19,321432
2020-07-20,321445
2020-07-21,321457
2020-07-22,321475
2020-07-23,321494
2020-07-24,321513
2020-07-25,321526
2020-07-26,321540
2020-07-27,321553
2020-07-28,321563
2020-07-29,321582
2020-07-30,321590
2020-07-31,321607
2020-08-01,321622
2020-08-02,321626
2020-08-03,321637
2020-08-04,321652
2020-08-05,321668
2020-08-06,321678
2020-08-07,321692
2020-08-08,321697
2020-08-09,321710
2020-08-10,321723
2020-08-11,321738
2020-08-12,321759
2020-08-13,321777
2020-08-14,321784
2020-08-15,321787
2020-08-16,321794
2020-08-17,321803
2020-08-18,321815
2020-08-19,321830
2020-08-20,321849
2020-08-21,321860
2020-08-22,321869
2020-08-23,321882
2020-08-24,321899
2020-08-25,321913
2020-08-26,321921
2020-08-27,321936
2020-08-28,321951
2020-08-29,321963
2020-08-30,321970
2020-08-31,321986
2020-09-01,322003
2020-09-02,322021
2020-09-03,322027
2020-09-04,322037
2020-09-05,322049
2020-09-06,322055
2020-09-07,322065
2020-09-08,322083
2020-09-09,322102
2020-09-10,322116
2020-09-11,322130
2020-09-12,322140
2020-09-13,322157
2020-09-14,322166
2020-09-15,322184
2020-09-16,322205
2020-09-17,322220
2020-09-18,322231
2020-09-19,322239
2020-09-20,322251
2020-09-21,322262
2020-09-22,322277
2020-09-23,322294
2020-09-24,322308
2020-09-25,322319
2020-09-26,322324
2020-09-27,322342
2020-09-28,322355
2020-09-29,322369
2020-09-30,322378
2020-10-01,322395
2020-10-02,322400
2020-10-03,322412
2020-10-04,322424
2020-10-05,322438
2020-10-06,322450
2020-10-07,322466
2020-10-08,322479
2020-10-09,322485
2020-10-10,322493
2020-10-11,322504
2020-10-12,322518
2020-10-13,322539
2020-10-14,322553
2020-10-15,322565
2020-10-16,322576
2020-10-17,322590
2020-10-18,322598
2020-10-19,322611
2020-10-20,322627
2020-10-21,322634
2020-10-22,322645
2020-10-23,322657
2020-10-24,322673
2020-10-25,322687
2020-10-26,322701
2020-10-27,322716
2020-10-28,322727
2020-10-29,322742
2020-10-30,322753
2020-10-31,322760
2020-11-01,322767
2020-11-02,322785
2020-11-03,322803
2020-11-04,322811
2020-11-05,322825
2020-11-06,322832
2020-11-07,322841
2020-11-08,322849
2020-11-09,322864
2020-11-10,322875
2020-11-11,322884
2020-11-12,322895
2020-11-13,322905
2020-11-14,322909
2020-11-15,322925
2020-11-16,322936
2020-11-17,322958
2020-11-18,322971
2020-11-19,322991
2020-11-20,323011
2020-11-21,323030
2020-11-22,323038
2020-11-23,323053
2020-11-24,323064
2020-11-25,323074
2020-11-26,323084
2020-11-27,323099
2020-11-28,323109
2020-11-29,323120
2020-11-30,323137
2020-12-01,323151
2020-12-02,323171
2020-12-03,323186
2020-12-04,323202
2020-12-05,323213
2020-12-06,323225
2020-12-07,323235
2020-12-08,323252
2020-12-09,323264
2020-12-10,323279
2020-12-11,323288
2020-12-12,323304
2020-12-13,323316
2020-12-14,323336
2020-12-15,323350
2020-12-16,323356
2020-12-17,323378
2020-12-18,323395
2020-12-19,323408
2020-12-20,323418
2020-12-21,323433
2020-12-22,323449
2020-12-23,323461
2020-12-24,323473
2020-12-25,323484
2020-12-26,323501
2020-12-27,323520
2020-12-28,323535
2020-12-29,323551
2020-12-30,323560
2020-12-31,323570
2021-01-01,323581
2021-01-02,323590
2021-01-03,323603
2021-01-04,323617
2021-01-05,323633
2021-01-06,323648
2021-01-07,323667
2021-01-08,323682
2021-01-09,323693
2021-01-10,323705
2021-01-11,323734
2021-01-12,323754
2021-01-13,323769
2021-01-14,323779
2021-01-15,323790
2021-01-16,323804
2021-01-17,323817
2021-01-18,323833
2021-01-19,323849
2021-01-20,323871
2021-01-21,323893
2021-01-22,323913
2021-01-23,323930
2021-01-24,323944
2021-01-25,323962
2021-01-26,323978
2021-01-27,324001
2021-01-28,324016
2021-01-29,324029
2021-01-30,324043
2021-01-31,324055
2021-02-01,324071
2021-02-02,324087
2021-02-03,324109
2021-02-04,324118
2021-02-05,324139
2021-02-06,324151
2021-02-07,324161
2021-02-08,324177
2021-02-09,324193
2021-02-10,324209
2021-02-11,324222
2021-02-12,324239
2021-02-13,324252
2021-02-14,324261
2021-02-15,324279
2021-02-16,324288
2021-02-17,324292
2021-02-18,324298
2021-02-19,324309
2021-02-20,324326
2021-02-21,324343
2021-02-22,324358
2021-02-23,324372
2021-02-24,324383
2021-02-25,324393
2021-02-26,324404
2021-02-27,324410
2021-02-28,324419
2021-03-01,324426
2021-03-02,324440
2021-03-03,324449
2021-03-04,324458
2021-03-05,324475
2021-03-06,324490
2021-03-07,324503
2021-03-08,324517
2021-03-09,324527
2021-03-10,324543
2021-03-11,324553
2021-03-12,324567
2021-03-13,324568
2021-03-14,324575
2021-03-15,324585
2021-03-16,324604
2021-03-17,324619
2021-03-18,324627
2021-03-19,324643
2021-03-20,324654
2021-03-21,324663
2021-03-22,324682
2021-03-23,324778
2021-03-24,324859
2021-03-25,324878
2021-03-26,324893
2021-03-27,324902
2021-03-28,324912
2021-03-29,324922
2021-03-30,324937
2021-03-31,324948
2021-04-01,324963
2021-04-02,324977
2021-04-03,324985
2021-04-04,324994
2021-04-05,325003
2021-04-06,325020
2021-04-07,325033
2021-04-08,325048
2021-04-09,325059
2021-04-10,325069
2021-04-11,325080
2021-04-12,325088
2021-04-13,325102
2021-04-14,325115
2021-04-15,325130
2021-04-16,325144
2021-04-17,325152
2021-04-18,325166
2021-04-19,325178
2021-04-20,325185
2021-04-21,325201
2021-04-22,325221
2021-04-23,325236
2021-04-24,325246
2021-04-25,325256
2021-04-26,325264
2021-04-27,325270
2021-04-28,325283
2021-04-29,325297
2021-04-30,325310
2021-05-01,325323
2021-05-02,325331
2021-05-03,325344
2021-05-04,325359
2021-05-05,325366
2021-05-06,325383
2021-05-07,325389
2021-05-08,325401
2021-05-09,325416
2021-05-10,325428
2021-05-11,325439
2021-05-12,325457
2021-05-13,325470
2021-05-14,325482
2021-05-15,325496
2021-05-16,325501
2021-05-17,325510
2021-05-18,325526
2021-05-19,325543
2021-05-20,325564
2021-05-21,325577
2021-05-22,325587
2021-05-23,325603
2021-05-24,325615
2021-05-25,325624
2021-05-26,325640
2021-05-27,325653
2021-05-28,325664
2021-05-29,325676
2021-05-30,325688
2021-05-31,325701
2021-06-01,325715
2021-06-02,325725
2021-06-03,325737
2021-06-04,325747
2021-06-05,325752
2021-06-06,325762
2021-06-07,325773
2021-06-08,325785
2021-06-09,325793
2021-06-10,325801
2021-06-11,325809
2021-06-12,325816
2021-06-13,325833
2021-06-14,325844
2021-06-15,325855
2021-06-16,325865
2021-06-17,325881
2021-06-18,325894
2021-06-19,325902
2021-06-20,325911
2021-06-21,325924
2021-06-22,325932
2021-06-23,325948
2021-06-24,325962
2021-06-25,325978
2021-06-26,325986
2021-06-27,325997
2021-06-28,326015
2021-06-29,326031
2021-06-30,326042
2021-07-01,326056
2021-07-02,326064
2021-07-03,326070
2021-07-04,326075
2021-07-05,326088
2021-07-06,326097
2021-07-07,326108
2021-07-08,326119
2021-07-09,326130
2021-07-10,326137
2021-07-11,326144
2021-07-12,326159
2021-07-13,326173
2021-07-14,326184
2021-07-15,326204
2021-07-16,326213
2021-07-17,326218
2021-07-18,326232
2021-07-19,326239
2021-07-20,326255
2021-07-21,326263
2021-07-22,326271
2021-07-23,326281
2021-07-24,326295
2021-07-25,326308
2021-07-26,326315
2021-07-27,326331
2021-07-28,326346
2021-07-29,326358
2021-07-30,326371
2021-07-31,326385
2021-08-01,326396
2021-08-02,326404
2021-08-03,326414
2021-08-04,326430
2021-08-05,326443
2021-08-06,326454
2021-08-07,326459
2021-08-08,326471
2021-08-09,326485
2021-08-10,326496
2021-08-11,326505
2021-08-12,326520
2021-08-13,326527
2021-08-14,326538
2021-08-15,326554
2021-08-16,326563
2021-08-17,326571
2021-08-18,326582
2021-08-19,326602
2021-08-20,326621
2021-08-21,326633
2021-08-22,326645
2021-08-23,326653
2021-08-24,326670
2021-08-25,326687
2021-08-26,326702
2021-08-27,326718
2021-08-28,326724
2021-08-29,326730
2021-08-30,326747
2021-08-31,326762
2021-09-01,326776
2021-09-02,326788
2021-09-03,326803
2021-09-04,326808
2021-09-05,326820
2021-09-06,326832
2021-09-07,326835
2021-09-08,326850
2021-09-09,326855
2021-09-10,326870
2021-09-11,326884
2021-09-12,326887
2021-09-13,326897
2021-09-14,326904
2021-09-15,326910
2021-09-16,326926
2021-09-17,326941
2021-09-18,326948
2021-09-19,326952
2021-09-20,326961
2021-09-21,326972
2021-09-22,326981
2021-09-23,326986
2021-09-24,326995
2021-09-25,327002
2021-09-26,327015
2021-09-27,327027
2021-09-28,327044
2021-09-29,327056
2021-09-30,327068
2021-10-01,327073
2021-10-02,327082
2021-10-03,327093
2021-10-04,327104
2021-10-05,327114
2021-10-06,327131
2021-10-07,327142
2021-10-08,327155
2021-10-09,327164
2021-10-10,327174
2021-10-11,327184
2021-10-12,327195
2021-10-13,327207
2021-10-14,327215
2021-10-15,327230
2021-10-16,327241
2021-10-17,327254
2021-10-18,327268
2021-10-19,327278
2021-10-20,327293
2021-10-21,327305
2021-10-22,327314
2021-10-23,327320
2021-10-24,327329
2021-10-25,327335
2021-10-26,327352
2021-10-27,327364
2021-10-28,327377
2021-10-29,327388
2021-10-30,327413
2021-10-31,327433
2021-11-01,327452
2021-11-02,327463
2021-11-03,327476
2021-11-04,327485
2021-11-05,327495
2021-11-06,327503
2021-11-07,327509
2021-11-08,327519
2021-11-09,327535
2021-11-10,327542
2021-11-11,327556
2021-11-12,327574
2021-11-13,327580
2021-11-14,327586
2021-11-15,327606
2021-11-16,327620
2021-11-17,327631
2021-11-18,327648
2021-11-19,327653
2021-11-20,327661
2021-11-21,327675
2021-11-22,327688
2021-11-23,327699
2021-11-24,327712
2021-11-25,327723
2021-11-26,327730
2021-11-27,327738
2021-11-28,327753
2021-11-29,327765
2021-11-30,327769
2021-12-01,327780
2021-12-02,327790
2021-12-03,327801
2021-12-04,327813
2021-12-05,327836
2021-12-06,327850
2021-12-07,327866
2021-12-08,327877
2021-12-09,327885
2021-12-10,327896
2021-12-11,327908
2021-12-12,327922
2021-12-13,327931
2021-12-14,327943
2021-12-15,327949
2021-12-16,327958
2021-12-17,327970
2021-12-18,327979
2021-12-19,327988
2021-12-20,328002
2021-12-21,328019
2021-12-22,328035
2021-12-23,328050
2021-12-24,328059
2021-12-25,328067
2021-12-26,328076
2021-12-27,328085
2021-12-28,328098
2021-12-29,328108
2021-12-30,328122
2021-12-31,328131
2022-01-01,328137
2022-01-02,328148
2022-01-03,328163
2022-01-04,328181
2022-01-05,328197
2022-01-06,328205
2022-01-07,328228
2022-01-08,328239
2022-01-09,328254
2022-01-10,328265
2022-01-11,328274
2022-01-12,328283
2022-01-13,328301
2022-01-14,328315
2022-01-15,328332
2022-01-16,328342
2022-01-17,328352
2022-01-18,328370
2022-01-19,328390
2022-01-20,328410
2022-01-21,328426
2022-01-22,328437
2022-01-23,328451
2022-01-24,328463
2022-01-25,328479
2022-01-26,328495
2022-01-27,328509
2022-01-28,328518
2022-01-29,328529
2022-01-30,328540
2022-01-31,328551
2022-02-01,328560
2022-02-02,328569
2022-02-03,328582
2022-02-04,328597
2022-02-05,328613
2022-02-06,328627
2022-02-07,328650
2022-02-08,328666
2022-02-09,328685
2022-02-10,328705
2022-02-11,328718
2022-02-12,328731
2022-02-13,328753
2022-02-14,328770
2022-02-15,328793
2022-02-16,328807
2022-02-17,328817
2022-02-18,328829
2022-02-19,328836
2022-02-20,328850
2022-02-21,328869
2022-02-22,328885
2022-02-23,328898
2022-02-24,328911
2022-02-25,328921
2022-02-26,328927
2022-02-27,328937
2022-02-28,328948
2022-03-01,328961
2022-03-02,328972
2022-03-03,328990
2022-03-04,329004
2022-03-05,329013
2022-03-06,329019
2022-03-07,329023
2022-03-08,329034
2022-03-09,329041
2022-03-10,329060
2022-03-11,329075
2022-03-12,329085
2022-03-13,329096
2022-03-14,329107
2022-03-15,329118
2022-03-16,329126
2022-03-17,329137
2022-03-18,329149
2022-03-19,329158
2022-03-20,329167
2022-03-21,329180
2022-03-22,329197
2022-03-23,329214
2022-03-24,329232
2022-03-25,329244
2022-03-26,329251
2022-03-27,329265
2022-03-28,329271
2022-03-29,329285
2022-03-30,329305
2022-03-31,329316
2022-04-01,329341
2022-04-02,329372
2022-04-03,329385
2022-04-04,329412
2022-04-05,329421
2022-04-06,329441
2022-04-07,329459
2022-04-08,329471
2022-04-09,329484
2022-04-10,329494
2022-04-11,329500
2022-04-12,329514
2022-04-13,329529
2022-04-14,329538
2022-04-15,329552
2022-04-16,329560
2022-04-17,329569
2022-04-18,329575
2022-04-19,329588
2022-04-20,329602
2022-04-21,329615
2022-04-22,329630
2022-04-23,329648
2022-04-24,329659
2022-04-25,329676
2022-04-26,329708
2022-04-27,329815
2022-04-28,329879
2022-04-29,329893
2022-04-30,329902
2022-05-01,329910
2022-05-02,329920
2022-05-03,329937
2022-05-04,329950
2022-05-05,329965
2022-05-06,329968
2022-05-07,329984
2022-05-08,329999
2022-05-09,330013
2022-05-10,330023
2022-05-11,330029
2022-05-12,330041
2022-05-13,330059
2022-05-14,330069
2022-05-15,330080
2022-05-16,330092
2022-05-17,330099
2022-05-18,330110
2022-05-19,330126
2022-05-20,330133
2022-05-21,330141
2022-05-22,330162
2022-05-23,330174
2022-05-24,330188
2022-05-25,330204
2022-05-26,330222
2022-05-27,330234
2022-05-28,330248
2022-05-29,330259
2022-05-30,330270
2022-05-31,330280
2022-06-01,330287
2022-06-02,330298
2022-06-03,330307
2022-06-04,330321
2022-06-05,330331
2022-06-06,330340
2022-06-07,330347
2022-06-08,330361
2022-06-09,330368
2022-06-10,330380
2022-06-11,330387
2022-06-12,330394
2022-06-13,330407
2022-06-14,330413
2022-06-15,330428
2022-06-16,330440
2022-06-17,330456
2022-06-18,330470
2022-06-19,330485
2022-06-20,330501
2022-06-21,330515
2022-06-22,330532
2022-06-23,330547
2022-06-24,330567
2022-06-25,330570
2022-06-26,330587
2022-06-27,330598
2022-06-28,330613
2022-06-29,330619
2022-06-30,330628
2022-07-01,330643
2022-07-02,330652
2022-07-03,330659
2022-07-04,330669
2022-07-05,330680
2022-07-06,330694
2022-07-07,330710
2022-07-08,330727
2022-07-09,330738
2022-07-10,330746
2022-07-11,330759
2022-07-12,330773
2022-07-13,330786
2022-07-14,330799
2022-07-15,330810
2022-07-16,330819
2022-07-17,330824
2022-07-18,330838
2022-07-19,330853
2022-07-20,330862
2022-07-21,330877
2022-07-22,330887
2022-07-23,330903
2022-07-24,330920
2022-07-25,330940
2022-07-26,330955
2022-07-27,330960
2022-07-28,330981
2022-07-29,330991
2022-07-30,330995
2022-07-31,330999
2022-08-01,331003
2022-08-02,331015
2022-08-03,331032
2022-08-04,331050
2022-08-05,331066
2022-08-06,331078
2022-08-07,331081
2022-08-08,331094
2022-08-09,331106
2022-08-10,331117
2022-08-11,331128
2022-08-12,331143
2022-08-13,331154
2022-08-14,331170
2022-08-15,331189
2022-08-16,331205
2022-08-17,331232
2022-08-18,331245
2022-08-19,331263
2022-08-20,331275
2022-08-21,331290
2022-08-22,331303
2022-08-23,331311
2022-08-24,331325
2022-08-25,331341
2022-08-26,331353
2022-08-27,331360
2022-08-28,331368
2022-08-29,331376
2022-08-30,331385
2022-08-31,331400
2022-09-01,331419
2022-09-02,331428
2022-09-03,331438
2022-09-04,331453
2022-09-05,331460
2022-09-06,331474
2022-09-07,331482
2022-09-08,331492
2022-09-09,331504
2022-09-10,331517
2022-09-11,331527
2022-09-12,331536
2022-09-13,331547
2022-09-14,331556
2022-09-15,331565
2022-09-16,331579
2022-09-17,331591
2022-09-18,331599
2022-09-19,331619
2022-09-20,331644
2022-09-21,331655
2022-09-22,331676
2022-09-23,331685
2022-09-24,331694
2022-09-25,331699
2022-09-26,331714
2022-09-27,331727
2022-09-28,331744
2022-09-29,331760
2022-09-30,331775
2022-10-01,331787
2022-10-02,331795
2022-10-03,331804
2022-10-04,331820
2022-10-05,331837
2022-10-06,331851
2022-10-07,331863
2022-10-08,331878
2022-10-09,331889
2022-10-10,331899
2022-10-11,331917
2022-10-12,331932
2022-10-13,331950
2022-10-14,331964
2022-10-15,331973
2022-10-16,331983
2022-10-17,331993
2022-10-18,332020
2022-10-19,332037
2022-10-20,332046
2022-10-21,332054
2022-10-22,332064
2022-10-23,332074
2022-10-24,332088
2022-10-25,332105
2022-10-26,332120
2022-10-27,332134
2022-10-28,332142
2022-10-29,332153
2022-10-30,332165
2022-10-31,332183
2022-11-01,332195
2022-11-02,332213
2022-11-03,332240
2022-11-04,332257
2022-11-05,332268
2022-11-06,332275
2022-11-07,332286
2022-11-08,332302
2022-11-09,332311
2022-11-10,332330
2022-11-11,332344
2022-11-12,332355
2022-11-13,332365
2022-11-14,332380
2022-11-15,332394
2022-11-16,332405
2022-11-17,332422
2022-11-18,332436
2022-11-19,332446
2022-11-20,332457
2022-11-21,332468
2022-11-22,332475
2022-11-23,332490
2022-11-24,332500
2022-11-25,332506
2022-11-26,332516
2022-11-27,332527
2022-11-28,332538
2022-11-29,332553
2022-11-30,332562
2022-12-01,332576
2022-12-02,332590
2022-12-03,332604
2022-12-04,332616
2022-12-05,332623
2022-12-06,332634
2022-12-07,332648
2022-12-08,332658
2022-12-09,332667
2022-12-10,332676
2022-12-11,332685
2022-12-12,332694
2022-12-13,332706
2022-12-14,332717
2022-12-15,332723
